ID,Type,SKU,Name,Published,"Is featured?","Visibility in catalog","Short description",Description,"Date sale price starts","Date sale price ends","Tax status","Tax class","In stock?",Stock,"Low stock amount","Backorders allowed?","Sold individually?","Weight (kg)","Length (cm)","Width (cm)","Height (cm)","Allow customer reviews?","Purchase note","Sale price","Regular price",Categories,Tags,"Shipping class",Images,"Download limit","Download expiry days",Parent,"Grouped products",Upsells,Cross-sells,"External URL","Button text",Position
176,simple,,"Stylo Laser Plasma 9 modes. élimine les taches de rousseur. points noirs. verrues. outil de nettoyage du visage. beauté. livraison directe",1,0,visible,,,,,taxable,,1,81,,0,0,,,,,1,,,014834268274023188768913619---------------220220,beauté,,,http://localhost/wordpress/wp-content/uploads/2022/05/9-Mode-Laser-Plasma-Pen-Freckle-Remover-Mole-Dark-Spot-Black-Dot-Skin-Tag-Wart-Removal.jpg_220x220xz.jpg,,,,,,,,,0
177,simple,,"Huiles essentielles pour la croissance des cheveux et les soins de santé. essence originale et 100% authentique. liquide pour la perte de chevelure. sérum de beauté dense",1,0,visible,,,,,taxable,,1,65,,0,0,,,,,1,,,0106465043636959---------100------220220,beauté,,,http://localhost/wordpress/wp-content/uploads/2022/05/Hair-Care-Hair-Growth-Essential-Oils-Essence-Original-Authentic-100-Hair-Loss-Liquid-Health-Care-Beauty.jpg_220x220xz.jpg,,,,,,,,,0
178,simple,,"Lentilles de Contact colorées pour les yeux. beauté naturelle. Siam crépuscule. 1 paire",1,0,visible,,,,,taxable,,1,23,,0,0,,,,,1,,,014841174991386153468---------------220220,beauté,,,http://localhost/wordpress/wp-content/uploads/2022/05/Colored-Contact-Lenses-for-Eyes-Natural-Beauty-Color-Lens-Eyes-Siam-Twilight-Colored-Contact-Lens-for.jpg_220x220xz.jpg,,,,,,,,,0
179,simple,,"IMAGIC – éponge de maquillage en Latex. 4 pièces/ensemble. bouffantes de cosmétiques. poudre de fond de teint. boule de beauté douce. humide et sèche. outil de maquillage coloré",1,0,visible,,,,,taxable,,0,0,,0,0,,,,,1,,,0162295862642497589647--4-------------220220,beauté,,,http://localhost/wordpress/wp-content/uploads/2022/05/IMAGIC-Sponge-4pcs-Set-Makeup-Puff-Cosmetic-Latex-Soft-Beauty-Ball-Foundation-Powder-With-Box-Wet.jpg_220x220xz.jpg,,,,,,,,,0
180,simple,,"Produits pour la croissance des cheveux gingembre à croissance rapide huile essentielle soins de beauté des cheveux prévenir la perte de cheveux huile traitement du cuir chevelu pour hommes femmes",1,0,visible,,,,,taxable,,1,44,,0,0,,,,,1,,,01550827429441788632779---------------220220,beauté,,,http://localhost/wordpress/wp-content/uploads/2022/05/Hair-Growth-Products-Ginger-Fast-Growing-Hair-Essential-Oil-Beauty-Hair-Care-Prevent-Hair-Loss-Oil.jpg_220x220xz.jpg,,,,,,,,,0
181,simple,,"LESCOLTON – dissolvant automatique de verrues. sans douleur. avec tampons de nettoyage. outil de beauté pour le visage. à usage domestique",1,0,visible,,,,,taxable,,1,75,,0,0,,,,,1,,,01911330548983101116---------------220220,beauté,,,http://localhost/wordpress/wp-content/uploads/2022/05/LESCOLTON-Auto-Skin-Tag-Remover-Painless-Mole-Wart-Remover-Skin-Tag-Removal-Kit-with-Cleansing-Swabs.jpg_220x220xz.jpg,,,,,,,,,0
182,simple,,"Huiles essentielles pour la croissance des cheveux. Essence originale et authentique. liquide pour la perte de cheveux. soins de santé. beauté. sérum Dense pour la croissance des cheveux. 100%",1,0,visible,,,,,taxable,,1,65,,0,0,,,,,1,,,0165229044383630460106213---------100------220220,beauté,,,http://localhost/wordpress/wp-content/uploads/2022/05/Hair-Care-Hair-Growth-Essential-Oils-Essence-Original-Authentic-100-Hair-Loss-Liquid-Health-Care-Beauty-1.jpg_220x220xz-1.jpg,,,,,,,,,0
183,simple,,"Uofenna – rouleau de Massage pour le visage. outil de beauté pour lifting de la peau. Relaxation et amincissement",1,0,visible,,,,,taxable,,1,60,,0,0,,,,,1,,,019306643484832222136098---------------220220,beauté,,,http://localhost/wordpress/wp-content/uploads/2022/05/Uofenna-Facial-Scraping-Massager-Roller-Face-Guasha-Scraper-SPA-Massage-Lift-Skin-Relaxation-Slimming-Beauty-Tool.jpg_220x220xz.jpg,,,,,,,,,0
184,simple,,"AmazeFan 7in1 masseur de visage RF micro-courant mésothérapie électroporation LED rajeunissement de la peau dissolvant rides levage beauté lifting visage Compresse chaude Outil de soin hydratant pour la peau",1,0,visible,,,,,taxable,,1,217,,0,0,,,,,1,,,018194710886444535782-71-------------220220,beauté,,,http://localhost/wordpress/wp-content/uploads/2022/05/AmazeFan-7in1-Face-Massager-RF-Microcurrent-Mesotherapy-Electroporation-LED-Skin-Rejuvenation-Remover-Wrinkle-Lifting-Beauty.jpg_220x220xz.jpg,,,,,,,,,0
185,simple,,"Huiles Essentielles pour Perte de Poids Crème Amincissante pour les Jambes et la Taille. Brûleur de Graisses. Produit Naturel Pur. pour la Beauté du Corps",1,0,visible,,,,,taxable,,1,109,,0,0,,,,,1,,,017287824998105044---------------220220,beauté,,,http://localhost/wordpress/wp-content/uploads/2022/05/Slimming-Losing-Weight-Essential-Oils-Thin-Leg-Waist-Fat-Burning-Pure-Natural-Weight-Loss-Products-Beauty.jpg_220x220xz.jpg,,,,,,,,,0
186,simple,,"Crème pour le visage au rétinol. soins pour la peau. Anti-rides. Anti-âge. raffermissant. cosmétique. acide hyaluronique. hydratant. blanchissant. produits de beauté",1,0,visible,,,,,taxable,,1,55,,0,0,,,,,1,,,010193467334748674132---------------220220,beauté,,,http://localhost/wordpress/wp-content/uploads/2022/05/Retinol-Face-Cream-Anti-wrinkle-Skin-Care-Anti-Aging-Firming-Cosmetics-Hyaluronic-Acid-Moisturizing-Whitening-Beauty.jpg_220x220xz.jpg,,,,,,,,,0
187,simple,,"epurateur de peau ultrasonique peeling visage epurateur de peau visage nettoyage. appareil de beauté Portable peeling et massage du visage raffermissement des pores",1,0,visible,,,,,taxable,,1,174,,0,0,,,,,1,,,01958368147146449337---------------220220,beauté,,,http://localhost/wordpress/wp-content/uploads/2022/05/Ultrasonic-skin-scrubber-Ultrasonic-cleaning-peeling-EMS-Face-massager-Portable-beauty-device-facial-cleansing-Pore-tightening.jpg_220x220xz.jpg,,,,,,,,,0
188,simple,,"NEW 1ml Beauty Body And Face Cosmetic Care Cream Semi Permanent Makeup For hyaluron pen Hair Laser Removal Acid Cream Filler",1,0,visible,,,,,taxable,,1,194,,0,0,,,,,1,,,0198151067459149251212-1--------------220220,beauté,,,http://localhost/wordpress/wp-content/uploads/2022/05/NEW-1ml-Beauty-Body-And-Face-Cosmetic-Care-Cream-Semi-Permanent-Makeup-For-hyaluron-pen-Hair.jpg_220x220xz.jpg,,,,,,,,,0
189,simple,,"KONKA – vaporisateur électrique pour le visage. appareil de soins pour la peau. nettoyage en profondeur. SPA. 140ml",1,0,visible,,,,,taxable,,1,330,,0,0,,,,,1,,,01996767433661149628380---140------------220220,beauté,,,http://localhost/wordpress/wp-content/uploads/2022/05/KONKA-Facial-Steamer-140ml-Skin-Care-Machine-Household-Electric-Vaporizador-Deeply-Cleaning-SPA-Face-Sprayer-Cleaner.jpg_220x220xz.jpg,,,,,,,,,0
190,simple,,"Épilateur physique sans douleur. facile à nettoyer. en verre. réutilisable. beauté du corps. 2022",1,0,visible,,,,,taxable,,1,59,,0,0,,,,,1,,,0148859779747110124612022---------------220220,beauté,,,http://localhost/wordpress/wp-content/uploads/2022/05/2022-New-Physical-Hair-Removal-Painless-Safe-Epilator-Easy-Cleaning-Reusable-Body-Beauty-Depilation-Tool-Glass.jpg_220x220xz.jpg,,,,,,,,,0
191,simple,,"Sérum à l'huile essentielle de gingembre pour la croissance des cheveux. traitement Anti-perte. produits de beauté. réparation rapide du cuir chevelu. dommages crépus. soins capillaires",1,0,visible,,,,,taxable,,1,42,,0,0,,,,,1,,,01941084654302112466---------------220220,beauté,,,http://localhost/wordpress/wp-content/uploads/2022/05/Ginger-Hair-Growth-Essential-Oil-Serum-Hair-Treatment-Anti-Lost-Beauty-Products-Fast-Grow-Repair-Scalp.jpg_220x220xz.jpg,,,,,,,,,0
192,simple,,"Spray d'épilation sans douleur. inhibiteur de la croissance des poils. aisselles. jambes. bras. perte de cheveux douce. nourrissant. réparation. produit de beauté pour la peau",1,0,visible,,,,,taxable,,1,94,,0,0,,,,,1,,,019136360091479577472567---------------220220,beauté,,,http://localhost/wordpress/wp-content/uploads/2022/05/Painless-Hair-Removal-Spray-Hair-Growth-Inhibitor-Armpit-Legs-Arms-Gentle-Hair-Loss-Nourishing-Repair-Skin.jpg_220x220xz.jpg,,,,,,,,,0
193,simple,,"Beauty Star — Épurateur de peau à ultrason. machine de lifting et de nettoyage en profondeur du visage et de la peau. nettoyeur des pores et points noirs",1,0,visible,,,,,taxable,,1,118,,0,0,,,,,1,,,017479112744109415062236830---------------220220,beauté,,,http://localhost/wordpress/wp-content/uploads/2022/05/Beauty-Star-Ultrasonic-Face-Cleaning-Skin-Scrubber-Facial-Cleaner-Skin-Peeling-Blackhead-Removal-Pore-Cleaner-Face.jpg_220x220xz.jpg,,,,,,,,,0
194,simple,,"Sérum de croissance capillaire rapide en Spray. liquide de traitement du cuir chevelu. Anti-chute. beauté naturelle. soins capillaires",1,0,visible,,,,,taxable,,1,3,,0,0,,,,,1,,,0143995904294033572213---------------220220,beauté,,,http://localhost/wordpress/wp-content/uploads/2022/05/Hair-Growth-Serum-Spray-Fast-Hair-Growth-Liquid-Treatment-Scalp-Hair-Follicle-Anti-Hair-Loss-Natural.jpg_220x220xz.jpg,,,,,,,,,0
195,simple,,"BB crème à coussin d'air pour femmes. tête de champignon. correcteur. fond de teint. éclaircissant. teint. beauté",1,0,visible,,,,,taxable,,1,90,,0,0,,,,,1,,,01126087424920804300---------------220220,beauté,,,http://localhost/wordpress/wp-content/uploads/2022/05/Mushroom-Head-CC-Cream-BB-Air-Cushion-Cream-Concealer-Foundation-Cream-Brighten-Skin-Tone-Beauty-Foundation.jpg_220x220xz.jpg,,,,,,,,,0
196,simple,,"Sérum Anti-rides au rétinol. collagène cosmétique. Lifting. raffermissant. Anti-âge. soins de la peau. estompe les ridules. répare les produits de beauté",1,0,visible,,,,,taxable,,1,99,,0,0,,,,,1,,,011323101246790653242---------------220220,beauté,,,http://localhost/wordpress/wp-content/uploads/2022/05/Retinol-Remove-Wrinkle-Serum-Cosmetics-Collagen-Lifting-Firming-Anti-Aging-Face-Skin-Care-Fade-Fine-Lines.jpg_220x220xz.jpg,,,,,,,,,0
197,simple,,"Beauty Forever – perruque Lace Front Wig brésilienne Remy naturelle. cheveux lisses. 5x5 HD. 13x4. naissance des cheveux naturelle. pre-plucked. attaché à la main",1,0,visible,,,,,taxable,,1,1545,,0,0,,,,,1,,,01701126848833923592604---13-4-------55----220220,beauté,,,http://localhost/wordpress/wp-content/uploads/2022/05/Beauty-Forever-Brazilian-13-4-Straight-Lace-Front-Wig-Hand-tied-5x5-HD-Lace-Wig-Remy.jpg_220x220xz.jpg,,,,,,,,,0
198,simple,,"Ensemble de pinceaux de maquillage. cosmétiques. poudre. fard à paupières. fond de teint. mélange de Blush. beauté. outil de beauté. 13 pièces",1,0,visible,,,,,taxable,,1,34,,0,0,,,,,1,,,01110392423808956932113---------------220220,beauté,,,http://localhost/wordpress/wp-content/uploads/2022/05/13Pcs-Makeup-Brushes-Set-Cosmetics-Powder-EyeShadow-Foundation-Blush-Blending-Beauty-Make-Up-Brush-Beauty-Tool.jpg_220x220xz.jpg,,,,,,,,,0
199,simple,,"Crème pour le visage en or 24K. sérum Anti-rides. Anti-âge. raffermit. estompe les ridules. favorise la régénération du collagène. blanchit",1,0,visible,,,,,taxable,,1,97,,0,0,,,,,1,,,016250601647088497161674024---------------220220,beauté,,,http://localhost/wordpress/wp-content/uploads/2022/05/24K-Gold-Facial-Cream-Face-Eye-Anti-wrinkle-Aging-Serum-Lift-Tighten-Fade-Fine-Lines-Promotes.jpg_220x220xz.jpg,,,,,,,,,0
200,simple,,"Sérum de visage à l'acide lactobionique. rétrécissement des pores. acide hyaluronique. hydratant. nourrissant. Essence. raffermissant. beauté lumineuse. cosmétiques coréens",1,0,visible,,,,,taxable,,1,101,,0,0,,,,,1,,,019392147493441154484258---------------220220,beauté,,,http://localhost/wordpress/wp-content/uploads/2022/05/Lactobionic-Acid-Pore-Shrink-Face-Serum-Hyaluronic-Acid-Moisturizing-Nourishing-Essence-Firming-Brighten-Beauty-Korean-Cosmetics.jpg_220x220xz.jpg,,,,,,,,,0
201,simple,,"VIBRANT GLAMOUR – crème pour le visage. rétinol. Anti-âge. Anti-rides. raffermissement. Lifting. blanchiment. éclaircissant. hydratant. soins pour la peau",1,0,visible,,,,,taxable,,1,70,,0,0,,,,,1,,,011295052048639551260---------------220220,beauté,,,http://localhost/wordpress/wp-content/uploads/2022/05/VIBRANT-GLAMOUR-Retinol-Face-Cream-Anti-Aging-Remove-Wrinkle-Firming-Lifting-Whitening-Brightening-Moisturizing-Facial-Skin.jpg_220x220xz.jpg,,,,,,,,,0
202,simple,,"Repulpeur de lèvres en Silicone. dispositif électrique. outil de beauté. soins buccaux. plus épais. effet pomme",1,0,visible,,,,,taxable,,1,185,,0,0,,,,,1,,,016132918441850624456---------------220220,beauté,,,http://localhost/wordpress/wp-content/uploads/2022/05/Silicone-Lip-Plumper-Electric-Device-Beauty-Tool-Oral-Care-Bigger-Thicker-Apple-Effect-and-Full-Effectse.jpg_220x220xz.jpg,,,,,,,,,0
203,simple,,"AmazeFan – appareil de massage du visage et du cou. 3 couleurs. Led. photonothérapie. chauffage. élimination des rides du visage et du cou. réduction du Double menton. lifting de la peau Appareil de beauté",1,0,visible,,,,,taxable,,1,151,,0,0,,,,,1,,,01255707424596678038614366----3-----------220220,beauté,,,http://localhost/wordpress/wp-content/uploads/2022/05/AmazeFan-Facial-Neck-Massager-3-Colors-Led-Photon-Therapy-lifting-Wrinkle-Removal-Beauty-Device-Reduce-Double.jpg_220x220xz.jpg,,,,,,,,,0
204,simple,,"Dissolvant de points noirs professionnel. 4 pièces/ensemble. Kit d'outils de nettoyage du visage pour femmes",1,0,visible,,,,,taxable,,1,22,,0,0,,,,,1,,,0195670734984708943212824---------------220220,beauté,,,http://localhost/wordpress/wp-content/uploads/2022/05/4pcs-set-Professional-Blackhead-Remover-Black-Spot-Pimple-Blemish-Beauty-Women-Skin-Care-Facial-Cleaning-Pimple.jpg_220x220xz.jpg,,,,,,,,,0
205,simple,,"Appareil de thérapie par photons pour le rajeunissement de la peau du visage. massage par Vibration. outil de soins de la peau. beauté",1,0,visible,,,,,taxable,,1,413,,0,0,,,,,1,,,0178891766430416329---------------220220,beauté,,,http://localhost/wordpress/wp-content/uploads/2022/05/LED-Face-Skin-Rejuvenation-Cryotherapy-Photon-Facial-Lifting-Vibration-Massager-Hot-Cool-Instrument-Skin-Care-Beauty.jpg_220x220xz.jpg,,,,,,,,,0
206,simple,,"Nano pulvérisateur Facial. Mini humidificateur USB. vapeur. nébuliseur. Instruments de beauté hydratants. soins de la peau",1,0,visible,,,,,taxable,,1,46,,0,0,,,,,1,,,01032035167469650431703-------------220220,beauté,,,http://localhost/wordpress/wp-content/uploads/2022/05/Nano-Facial-Sprayer-Mini-USB-Humidifier-Face-Steamer-Nebulizer-Moisturizing-Beauty-Instruments-Skin-Care.jpg_220x220xz.jpg,,,,,,,,,0
207,simple,,"Machine de Peeling à Jet d'eau et d'oxygène. beauté. nettoyage de la peau. Dermabrasion du visage. Peeling à l'eau. RF. Lifting. masque LED pour Salon",1,0,visible,,,,,taxable,,1,2313,,0,0,,,,,1,,,012831821194190826116860---------------220220,beauté,,,http://localhost/wordpress/wp-content/uploads/2022/05/Water-Oxygen-Jet-Peel-Hydra-Beauty-Skin-Cleansing-Hydra-Dermabrasion-Face-Machine-Water-Aqua-Peeling-RF.jpg_220x220xz.jpg,,,,,,,,,0
208,simple,,"4 pièces Éponge de maquillage pour femmes. mélangeur d'œufs de beauté avec boîte. coussin de poudre de fond de teint. accessoires de maquillage. 4 pièces",1,0,visible,,,,,taxable,,0,0,,0,0,,,,,1,,,0128734440754678394040374---------------220220,beauté,,,http://localhost/wordpress/wp-content/uploads/2022/05/4pcs-Makeup-Sponge-Blender-Beauty-Egg-with-Box-Cosmetic-Puff-Cushion-Foundation-Powder-Sponge-Tool-Women.jpg_220x220xz.jpg,,,,,,,,,0
209,simple,,"Appareil de lifting du visage 7 en 1. RF. micro-courant. rajeunissement de la peau. masseur Facial. luminothérapie. Anti-âge. Anti-rides. appareil de beauté",1,0,visible,,,,,taxable,,1,129,,0,0,,,,,1,,,01294526846095252855137--1-------------220220,beauté,,,http://localhost/wordpress/wp-content/uploads/2022/05/7-in-1-Face-Lift-Devices-RF-Microcurrent-Skin-Rejuvenation-Facial-Massager-Light-Therapy-Anti-Aging.png_220x220xz.jpg,,,,,,,,,0
210,simple,,"Perfectline – ligne de levage en fil Pdo Pcl. équipement de beauté coréen. 3D 4D 6D. pour enlever les rides. Super affaire",1,0,visible,,,,,taxable,,1,85,,0,0,,,,,1,,,0133128311469891176094--------3-4-6-----220220,beauté,,,http://localhost/wordpress/wp-content/uploads/2022/05/Perfectline-Pdo-Pcl-Thread-Lift-Korea-Beauty-Cog-3D-4D-6D-Hilos-Tensores-Faciales-Lift-Line.jpg_220x220xz.jpg,,,,,,,,,0
211,simple,,"Brosse faciale électrique en Silicone. massage de la peau. nettoyage USB. étanche. Vibration sonique. Instrument de beauté. outil de soins",1,0,visible,,,,,taxable,,1,144,,0,0,,,,,1,,,01909504282771677568---------------220220,beauté,,,http://localhost/wordpress/wp-content/uploads/2022/05/Facial-Brush-Skin-Massager-Electric-Silicone-Face-Brush-USB-Cleansing-Waterproof-Sonic-Vibration-Beauty-Instrument-Care.jpg_220x220xz.jpg,,,,,,,,,0
212,simple,,"MOPOYAT – crème aux huiles essentielles Sexy 30ml. crème efficace pour raffermir et raffermir les hanches et les fesses",1,0,visible,,,,,taxable,,1,79,,0,0,,,,,1,,,0139156077458290270458---------------220220,beauté,,,http://localhost/wordpress/wp-content/uploads/2022/05/MOPOYAT-Sexy-Hip-Buttock-Enlargement-Essential-Oil-Cream-Effective-Lifting-Firming-Hip-Lift-Up-Butt-Beauty.jpg_220x220xz.jpg,,,,,,,,,0
213,simple,,"Crème Anti-rides immédiate à l'acide hyaluronique. soin hydratant pour la peau. Peptide complexe. sérum raffermissant. blanchissant. cosmétiques de beauté. 50g",1,0,visible,,,,,taxable,,1,106,,0,0,,,,,1,,,0127920944429004734225---------------220220,beauté,,,http://localhost/wordpress/wp-content/uploads/2022/05/Immediate-Anti-Wrinkle-Cream-Hyaluronic-Acid-Moisturizing-Skin-Care-Peptide-Complex-Serum-Firm-Whitening-Beauty-Cosmetics.jpg_220x220xz.jpg,,,,,,,,,0
214,simple,,"CkeyiN – extracteur de points noirs vert. extracteur sous vide. élimination des boutons d'acné. aspiration de la tête noire. beauté. soins de la peau",1,0,visible,,,,,taxable,,1,101,,0,0,,,,,1,,,01539555646486785---------------220220,beauté,,,http://localhost/wordpress/wp-content/uploads/2022/05/CkeyiN-GREEN-Blackhead-Remover-Pore-Vacuum-Extractor-Acne-Pimple-Removal-Microdermabrasion-Black-head-Suction-Beauty-Skin.jpg_220x220xz.jpg,,,,,,,,,0
215,simple,,"Sérum à repousse rapide pour hommes et femmes. produit de croissance capillaire. Essence de gingembre. huile de croissance pour barbe. soins de beauté. traitement du cuir chevelu",1,0,visible,,,,,taxable,,1,16,,0,0,,,,,1,,,0172802634217387861746077---------------220220,beauté,,,http://localhost/wordpress/wp-content/uploads/2022/05/Hair-Growth-Products-Ginger-Essence-Fast-Regrowth-Serum-Beard-Growth-Oil-Hair-Loss-Care-Beauty-Scalp.jpg_220x220xz.jpg,,,,,,,,,0
216,simple,,"Massage Facial à 5 modes de mésothérapie. électroporation. fréquence RF. LED Photon. Lifting du visage. raffermit. élimine les rides. soins de la peau",1,0,visible,,,,,taxable,,1,189,,0,0,,,,,1,,,010743079146922682734335---------------220220,beauté,,,http://localhost/wordpress/wp-content/uploads/2022/05/5-Mode-Facial-Mesotherapy-Electroporation-RF-Frequency-LED-Photon-Face-Lifting-Tighten-Wrinkle-Removal-Skin-Care.jpg_220x220xz.jpg,,,,,,,,,0
217,simple,,"Nettoyeur ultrasonique de pores de peau. masseur de visage. dissolvant de points noirs. nettoyeur en profondeur. Anti-vieillissement. beauté de la peau",1,0,visible,,,,,taxable,,1,139,,0,0,,,,,1,,,011353593204871640664---------------220220,beauté,,,http://localhost/wordpress/wp-content/uploads/2022/05/Ultrasonic-Skin-Scrubber-Pore-Cleaner-Face-Massager-Ion-Shovel-Blackhead-Remover-Deep-Cleaner-Anti-Aging-Skin.jpg_220x220xz.jpg,,,,,,,,,0
218,simple,,"Stylo laser plasma 9 niveaux. élimination des grains de beauté. disparition des tâches brunes. soin de peau LCD à stylet pointu. disposition des excroissances. verrues. tatouages. outil de routine esthétique",1,0,visible,,,,,taxable,,1,251,,0,0,,,,,1,,,017445461358717388819---------------220220,beauté,,,http://localhost/wordpress/wp-content/uploads/2022/05/9-level-Laser-Plasma-Pen-Mole-Removal-Dark-Spot-Remover-LCD-Skin-Care-Point-Pen-Skin.jpg_220x220xz.jpg,,,,,,,,,0
219,simple,,"Stylo Dr sans fil professionnel M8 avec cartouches. Kit de soins pour la peau. élimination des cicatrices d'acné. micro-aiguille. Machine de beauté à usage domestique",1,0,visible,,,,,taxable,,1,727,,0,0,,,,,1,,,01539757314951847727888----8-----------220220,beauté,,,http://localhost/wordpress/wp-content/uploads/2022/05/Professional-Wireless-Dr-pen-M8-With-Cartridges-Derma-Pen-Skin-Care-Kit-Acne-Scar-Removal-Microneedle.jpg_220x220xz.jpg,,,,,,,,,0
220,simple,,"Masseur Facial EMS 5 en 1. thérapie à la lumière LED. Vibration sonique. élimination des rides. resserrement de la peau. soin de beauté",1,0,visible,,,,,taxable,,1,297,,0,0,,,,,1,,,01821429314633843262605865--1-------------220220,beauté,,,http://localhost/wordpress/wp-content/uploads/2022/05/5-in-1-EMS-Hot-Cool-Facial-Massager-LED-Light-Therapy-Sonic-Vibration-Wrinkle-Removal-Skin.jpg_220x220xz.jpg,,,,,,,,,0
221,simple,,"Masque facial de thérapie photonique à LED. 7 couleurs. Anti-acné. rides. blanchiment de la peau. soin de beauté",1,0,visible,,,,,taxable,,1,225,,0,0,,,,,1,,,0198676973645816621235947---------------220220,beauté,,,http://localhost/wordpress/wp-content/uploads/2022/05/7-Color-LED-Face-Mask-Photon-Therapy-Anti-Acne-Wrinkle-Face-Whiten-Skin-Rejuvenation-Skin-Care.jpg_220x220xz.jpg,,,,,,,,,0
222,simple,,"Stylo Plasma pour enlever les tâches de rousseur. outil de soins de beauté. 9 modes",1,0,visible,,,,,taxable,,1,127,,0,0,,,,,1,,,014482773749199592454453749---------------220220,beauté,,,http://localhost/wordpress/wp-content/uploads/2022/05/9-Mode-Plasma-Pen-Freckle-Remove-Pen-Wart-Remover-Mole-Tattoo-Remover-Instruments-Skin-Tag-Removal.jpg_220x220xz.jpg,,,,,,,,,0
223,simple,,"Rose Gua Sha outils de Massage pour les soins du visage Anti-âge Point de déclenchement traitement SPA Acupuncture thérapie soulagement",1,0,visible,,,,,taxable,,1,196,,0,0,,,,,1,,,01378783644296047381377---------------220220,beauté,,,http://localhost/wordpress/wp-content/uploads/2022/05/Rose-Gua-Sha-Scraping-Massage-Tools-for-Facial-Skincare-Anti-Aging-Trigger-Point-Treatment-SPA-Acupuncture.jpg_220x220xz.jpg,,,,,,,,,0
224,simple,,"IMAGIC – éponge de beauté pour le visage. outil de maquillage humide et sec. goutte d'eau. 3 pièces",1,0,visible,,,,,taxable,,1,48,,0,0,,,,,1,,,01095839149389985570238315-3--------------220220,beauté,,,http://localhost/wordpress/wp-content/uploads/2022/05/IMAGIC-3pcs-beauty-sponge-face-wash-puff-gourd-water-drop-puff-wet-and-dry-makeup-sponge.jpg_220x220xz.jpg,,,,,,,,,0
225,simple,,"MB – faux-cils en vison 3D. 50 paires. longs et naturels. extensions. beauté",1,0,visible,,,,,taxable,,1,118,,0,0,,,,,1,,,0174141745689046270240-50--3------------220220,beauté,,,http://localhost/wordpress/wp-content/uploads/2022/05/MB-50-Pairs-3D-Mink-Eyelashes-Dramatic-Natural-Long-Wispies-lashes-Extension-Eye-lashes-Beauty-False.jpg_220x220xz.jpg,,,,,,,,,0
226,simple,,"KONKA – brosse électrique nettoyante pour le visage. rechargeable par USB. en Silicone. outils de soins de la peau. Portable. voyage à domicile. étanche IPX6",1,0,visible,,,,,taxable,,1,233,,0,0,,,,,1,,,017493379948596957997--------------6-220220,beauté,,,http://localhost/wordpress/wp-content/uploads/2022/05/KONKA-Face-Cleansing-Electric-Brush-USB-Charging-Silicone-Skin-Care-Tools-Portable-Home-Travel-IPX6-Waterproof.jpg_220x220xz.jpg,,,,,,,,,0
227,simple,,"Fils Pdo Pcl de grande valeur. pour lever le nez. les yeux. le visage. la peau. les rides. pour enlever les vis Mono. corée. beauté",1,0,visible,,,,,taxable,,1,182,,0,0,,,,,1,,,012216547490858596548---------------220220,beauté,,,http://localhost/wordpress/wp-content/uploads/2022/05/Great-Value-Specials-Pdo-Pcl-Threads-Lift-Nose-Eye-Face-Skin-Wrinkles-Lifting-Remove-Mono-Screw.jpg_220x220xz.jpg,,,,,,,,,0
228,simple,,"Masque Facial à photons LED. NoBOX-7 couleurs. Anti-rides. traitement de l'acné. éclaircissant pour la peau. soins pour la peau",1,0,visible,,,,,taxable,,1,178,,0,0,,,,,1,,,011389228425852634994-7--------------220220,beauté,,,http://localhost/wordpress/wp-content/uploads/2022/05/NoBOX-7-Colors-Facial-LED-Photon-Mask-Photorejuvenation-LED-Mask-Anti-Wrinkle-Acne-Treatment-Skin-Brightening.jpg_220x220xz.jpg,,,,,,,,,0
229,simple,,"Guasha – outil de Massage SPA à la cire d'abeille. beau. grattoir de Massage du visage. Acupuncture Gua Sha Eye",1,0,visible,,,,,taxable,,1,15,,0,0,,,,,1,,,0160260865574223136950665---------------220220,beauté,,,http://localhost/wordpress/wp-content/uploads/2022/05/Guasha-Beautiful-Massage-Beeswax-Scraping-Massage-Scraper-Face-Massager-Acupuncture-Gua-Sha-Eye-Face-Board-SPA.jpg_220x220xz.jpg,,,,,,,,,0
230,simple,,"VISUASHOW FANTASTIC PARTY Beauty Contact Lenses HEMA Yearly Natural 40% Water Contant 3 Color Eye Color Lens",1,0,visible,,,,,taxable,,1,23,,0,0,,,,,1,,,01798097109423680174618325---------40---3---220220,beauté,,,http://localhost/wordpress/wp-content/uploads/2022/05/VISUASHOW-FANTASTIC-PARTY-Beauty-Contact-Lenses-HEMA-Yearly-Natural-40-Water-Contant-3-Color-Eye-Color.jpg_220x220xz.jpg,,,,,,,,,0
231,simple,,"Crème Anti-âge pour le visage. Anti-rides. raffermissante. hydratante. soin pour la peau",1,0,visible,,,,,taxable,,1,66,,0,0,,,,,1,,,01283250500341858246040069---------------220220,beauté,,,http://localhost/wordpress/wp-content/uploads/2022/05/Instant-Eyes-Wrinkle-Remover-Face-Cream-Eye-Firming-Anti-Aging-Lifting-Moisturizing-Facial-Cream-Remove-Fineline.jpg_220x220xz.jpg,,,,,,,,,0
232,simple,,"Recourbe-cils longue durée pour femmes. outils de maquillage. Rechargeable. chauffant. électrique",1,0,visible,,,,,taxable,,1,199,,0,0,,,,,1,,,0159242548941910132760966---------------220220,beauté,,,http://localhost/wordpress/wp-content/uploads/2022/05/Eyelash-Makeup-Tools-Women-Rechargeable-Lifting-Eyelash-Curler-Long-Lasting-Eyelash-Perm-Electric-Heated-Eyelashes-Curler.png_220x220xz.jpg,,,,,,,,,0
233,simple,,"Lentilles de Contact colorées pour les yeux marron clair. jetables annuelles. Contacts de couleur jaune naturel. beauté des yeux. Cosplay",1,0,visible,,,,,taxable,,1,23,,0,0,,,,,1,,,01765247699388306---------------220220,beauté,,,http://localhost/wordpress/wp-content/uploads/2022/05/Color-Contact-Lenses-For-Light-Brown-Eyes-Yearly-disposal-Natural-Yellow-Colored-Contacts-Contact-Eye-Beauty.jpg_220x220xz.jpg,,,,,,,,,0
234,simple,,"ZOREYA – pinceaux de maquillage noirs. 15 Types. pour le visage et les yeux. poudre de fond de teint. Blush. fards à paupières. mélange Kabuki. brosse de beauté",1,0,visible,,,,,taxable,,0,0,,0,0,,,,,1,,,014747083174563342187755511-15--------------220220,beauté,,,http://localhost/wordpress/wp-content/uploads/2022/05/ZOREYA-15-Types-Black-Makeup-Brushes-Eye-Face-Cosmetic-Foundation-Powder-Blush-Eyeshadow-Kabuki-Blending-Make.jpg_220x220xz.jpg,,,,,,,,,0
235,simple,,"Aiguilles pour l'élimination des points noirs. kit d'outils. nettoyeur de points noirs. crochet. beauté. acné. soin de la peau du visage",1,0,visible,,,,,taxable,,1,52,,0,0,,,,,1,,,01176684744877878616---------------220220,"Beauté &amp; Santé",,,http://localhost/wordpress/wp-content/uploads/2022/05/Blackhead-Removal-Needles-Acne-black-head-remover-tool-kit-Black-Dots-Cleanser-Needle-Hook-Beauty-Acne.jpg_220x220xz.jpg,,,,,,,,,0
239,simple,,"KIWI design – Interface faciale de remise en forme améliorée pour Oculus/Meta Quest 2 accessoires. coussin en tissu de sport lavable optimisé Noseguard",1,0,visible,,,,,taxable,,1,544,,0,0,,,,,1,,,01310375214981216792840----------2-----220220,Electronique,,,http://localhost/wordpress/wp-content/uploads/2022/05/KIWI-design-Upgraded-Fitness-Facial-Interface-for-Oculus-Meta-Quest-2-Accessories-Optimized-Noseguard-Washable-Sports.jpg_220x220xz.jpg,,,,,,,,,0
241,simple,,"Microphone Lavalier sans fil. Portable. pour enregistrement Audio et vidéo. pour iPhone. Android. Facebook. Youtube. diffusion en direct. jeu",1,0,visible,,,,,taxable,,1,119,,0,0,,,,,1,,,0172994383427404601951---------------220220,Electronique,,,http://localhost/wordpress/wp-content/uploads/2022/05/Wireless-Lavalier-Microphone-Portable-Audio-Video-Recording-Mini-Mic-For-iPhone-Android-Facebook-Youtube-Live-Broadcast.jpg_220x220xz.jpg,,,,,,,,,0
243,simple,,"XIDU – Mini projecteur LED Full HD 1080p. Compatible HDMI. USB Type C. Audio. lecteur vidéo multimédia pour la maison",1,0,visible,,,,,taxable,,1,1075,,0,0,,,,,1,,,01060293148783583146702137-----1080----------220220,Electronique,,,http://localhost/wordpress/wp-content/uploads/2022/05/XIDU-LED-Mini-Projector-Supports-1080p-Full-HD-HDMI-Compatible-USB-Type-C-Audio-Portable-Home.jpg_220x220xz.jpg,,,,,,,,,0
245,simple,,"Encodeur HD 24 canaux HDMI vers IP / ASI IPTV. équipement de système frontal. équipement de système TV d'hôtel",1,0,visible,,,,,taxable,,1,21633,,0,0,,,,,1,,,010396434734450724---------------220220,Electronique,,,http://localhost/wordpress/wp-content/uploads/2022/05/24-channel-HD-encoder-HDMI-to-IP-ASI-IPTV-front-end-system-equipment-Hotel-TV-system.jpg_220x220xz.jpg,,,,,,,,,0
247,simple,,"Insta360 ONE RS - Caméra d'action étanche 4K 60fps et caméra 360 5.7K avec objectifs interchangeables. stabilisation. photo 48MP. montage IA",1,0,visible,,,,,taxable,,1,3500,,0,0,,,,,1,,,01960443150418695121360----4-60---5-7-360-----220220,Electronique,,,http://localhost/wordpress/wp-content/uploads/2022/05/Insta360-ONE-RS-Waterproof-4K-60fps-Action-Camera-5-7K-360-Camera-with-Interchangeable-Lenses-Twin.png_220x220xz.jpg,,,,,,,,,0
249,simple,,"Ulanzi – Mini lampe LED VL49 RGB 2000mAh panneau rechargeable pour appareil Photo et vidéo Youtube Tik tok",1,0,visible,,,,,taxable,,1,172,,0,0,,,,,1,,,015454724608191676772-49--------2000------220220,Electronique,,,http://localhost/wordpress/wp-content/uploads/2022/05/Ulanzi-VL49-RGB-Video-Lights-Mini-LED-Camera-Light-2000mAh-Rechargable-LED-Panel-Lamp-Photo-Video.jpg_220x220xz.jpg,,,,,,,,,0
251,simple,,"Ensemble de Microphones à revers Lavalier sans fil. Microphone portable rechargeable pour enregistrement vidéo court. diffusion en direct",1,0,visible,,,,,taxable,,1,168,,0,0,,,,,1,,,013709592534299380576563--------------220220,Electronique,,,http://localhost/wordpress/wp-content/uploads/2022/05/Wireless-Lavalier-Microphone-Broadcast-Lapel-Microphones-Set-Short-Video-Recording-Chargeable-Handheld-Microphone-Live-Streaming.jpg_220x220xz.jpg,,,,,,,,,0
253,simple,,"ALSTON – projecteur Z3 Full HD 1080P. haut-parleurs HIFI. Home cinéma. Smart Android. Wifi. TV sans écran pour téléphones mobiles et Smartphones",1,0,visible,,,,,taxable,,1,3471,,0,0,,,,,1,,,0168074883103874982-3----1080----------220220,Electronique,,,http://localhost/wordpress/wp-content/uploads/2022/05/ALSTON-Z3-Full-HD-Projector-1080P-HIFI-Speakers-Home-Cinema-Smart-Android-Wifi-Screenless-TV-For.jpg_220x220xz.jpg,,,,,,,,,0
255,simple,,"Montre connectée M6 pour hommes. moniteur d'activité physique. fréquence cardiaque. moniteur de santé. Bracelet pour téléphone portable",1,0,visible,,,,,taxable,,1,60,,0,0,,,,,1,,,01158184428863448179035456--------6-------220220,Electronique,,,http://localhost/wordpress/wp-content/uploads/2022/05/M6-Smart-Watch-For-Men-Fitness-Tracker-Watches-M6-Smart-Band-Heart-Rate-Health-Monitor-Fitness.jpg_220x220xz.jpg,,,,,,,,,0
257,simple,,"Xiaomi – sandales antidérapantes pour hommes et femmes. semelle épaisse EVA résistante à l'usure. pantoufles confortables pour la maison. tongs de bain",1,0,visible,,,,,taxable,,1,9,,0,0,,,,,1,,,0184844610428409405942---------------220220,Electronique,,,http://localhost/wordpress/wp-content/uploads/2022/05/Xiaomi-Fashion-Men-s-Women-s-Sandals-Anti-Slip-Wear-Resistant-EVA-Thick-Sole-Comfortable-Home.jpg_220x220xz.jpg,,,,,,,,,0
259,simple,,"Housse de doigts de jeu pour PUBG. 1/10 paires. respirante. lumineuse. pour écran tactile. gants. accessoires de jeux mobiles",1,0,visible,,,,,taxable,,1,18,,0,0,,,,,1,,,012786385441988900126343931-10--------------220220,Electronique,,,http://localhost/wordpress/wp-content/uploads/2022/05/1-10Pair-Gaming-Finger-Cover-Breathable-For-PUBG-Mobile-Luminous-Sleeve-Touch-Screen-Fingertips-Gloves-Mobile.jpg_220x220xz.jpg,,,,,,,,,0
261,simple,,HK8por,1,0,visible,,,,,taxable,,1,183,,0,0,,,,,1,,9,017501474748998726258220220,Electronique,,,http://localhost/wordpress/wp-content/uploads/2022/05/HK8por.jpg_220x220xz.jpg,,,,,,,,,0
263,simple,,"Montre connectée D20 Pro pour hommes et femmes. Bluetooth. Y68. moniteur de pression artérielle. de fréquence cardiaque. moniteur d'activité physique. pour Xiaomi Huawei",1,0,visible,,,,,taxable,,1,74,,0,0,,,,,1,,,01964375438191625685220-------68--------220220,Electronique,,,http://localhost/wordpress/wp-content/uploads/2022/05/D20-Pro-Bluetooth-Smart-Watch-Men-Women-Y68-Blood-Pressure-Heart-Rate-Monitor-Sport-Smartwatch-Fitness.jpg_220x220xz.jpg,,,,,,,,,0
265,simple,,"D20 Pro – Y68 Montre Connectée Bluetooth avec Moniteur d'Activité Physique. pour le Fitness. Contrôle la Fréquence Cardiaque et la Pression Artérielle. Bracelet Intelligent. Système Android et iOs",1,0,visible,,,,,taxable,,1,36,,0,0,,,,,1,,,016932474848734665999520----68-----------220220,Electronique,,,http://localhost/wordpress/wp-content/uploads/2022/05/D20-Pro-Smart-Watch-Y68-Bluetooth-Fitness-Tracker-Sports-Watch-Heart-Rate-Monitor-Blood-Pressure-Smart.jpg_220x220xz.jpg,,,,,,,,,0
267,simple,,"Montre connectée D13 pour hommes et femmes. étanche. moniteur de fréquence cardiaque et d'activité physique. pour Android et IOS",1,0,visible,,,,,taxable,,1,59,,0,0,,,,,1,,,016493114020691808101413---------------220220,Electronique,,,http://localhost/wordpress/wp-content/uploads/2022/05/D13-Smart-Watch-Men-Blood-Pressure-Waterproof-Smartwatch-Women-Heart-Rate-Monitor-Fitness-Tracker-Watch-Sport.jpg_220x220xz.jpg,,,,,,,,,0
269,simple,,"Adaptateur émetteur récepteur Bluetooth 5.0 sans fil 2 en 1. prise Jack 3.5mm pour la musique de voiture Audio Aux A2dp. récepteur de casque. mains libres",1,0,visible,,,,,taxable,,0,0,,0,0,,,,,1,,,014767518470973661782842--1---5-0----3-5----220220,Electronique,,,http://localhost/wordpress/wp-content/uploads/2022/05/2-in-1-Wireless-Bluetooth-5-0-Receiver-Transmitter-Adapter-3-5mm-Jack-For-Car-Music.jpg_220x220xz.jpg,,,,,,,,,0
271,simple,,"Module d'alimentation Boost. convertisseur 2a Max DC-DC. 3-5V à 5V/9V/12V/24V. MT3608. DC-DC",1,0,visible,,,,,taxable,,1,22,,0,0,,,,,1,,,018651042897572--------2-------220220,Electronique,,,http://localhost/wordpress/wp-content/uploads/2022/05/DC-DC-Step-Up-Power-Module-Boost-Volt-Conver2A-Max-DC-DC-Step-Up-Power-Module.jpg_220x220xz.jpg,,,,,,,,,0
273,simple,,"1/5pcs USB Mâle à PS/2 Femelle Adaptateur Convertisseur connecteur Usb Pour PC pour Sony ps2 Clavier Souris Souris Chaude de Haute Qualité",1,0,visible,,,,,taxable,,1,7,,0,0,,,,,1,,,0100318341464280639501-5------2--------220220,Electronique,,,http://localhost/wordpress/wp-content/uploads/2022/05/1-5pcs-USB-Male-to-for-PS-2-Female-Adapter-Converter-Usb-connector-For-PC-for.jpg_220x220xz.jpg,,,,,,,,,0
275,simple,,"Attache-câble de données 45bb. boucle de fixation de câble. Clip de cordon Portable. organisateur de fil. accessoires de réalité virtuelle pour Oculus Quest 2 VR",1,0,visible,,,,,taxable,,1,20,,0,0,,,,,1,,,016353604515490977435591070---------------220220,Electronique,,,http://localhost/wordpress/wp-content/uploads/2022/05/VR-Cable-Clamp-Cord-Buckle-Data-Cable-Fixer-Earphone-Cord-Clip-VR-Accessory-for-Oculus-Quest.jpg_220x220xz.jpg,,,,,,,,,0
277,simple,,"Xiaomi – sandales antidérapantes à semelle souple EVA. pour salle de bains. pantoufles de maison. nuage. sandales d'intérieur. tongs d'été",1,0,visible,,,,,taxable,,1,8,,0,0,,,,,1,,,01193293960448227927660---------------220220,Electronique,,,http://localhost/wordpress/wp-content/uploads/2022/05/Xiaomi-Thick-Platform-Bathroom-Home-Slippers-Cloud-Slippers-Women-Soft-Sole-EVA-Indoor-Slides-Sandals-Summer.jpg_220x220xz.jpg,,,,,,,,,0
279,simple,,"Manchettes de jeu pour doigts. gants anti-transpiration. respirants. pour jeux mobiles. écran tactile",1,0,visible,,,,,taxable,,1,3,,0,0,,,,,1,,,0125919643471849992889069798---------------220220,Electronique,,,http://localhost/wordpress/wp-content/uploads/2022/05/Gaming-Finger-Sleeve-Game-Controller-Sweatproof-Gloves-Breathable-Fingertips-For-Mobile-Games-Touch-Screen-Finger-Cots.jpg_220x220xz.jpg,,,,,,,,,0
281,simple,,"Tuya – télécommande universelle intelligente WiFi IR. pour contrôle de la télévision. climatiseur. fonctionne avec Alexa Google Home Yandex Alice",1,0,visible,,,,,taxable,,1,29,,0,0,,,,,1,,,016267470184229883007089515---------------220220,Electronique,,,http://localhost/wordpress/wp-content/uploads/2022/05/Tuya-Smart-WiFi-IR-Remote-Universal-for-Smart-Home-Control-for-TV-Air-Conditioner-Works-with.png_220x220xz.png,,,,,,,,,0
283,simple,,"Bracelet mi band 6. bracelet mi band 4 ，bracelet mi band 5 ，Bracelet Homme De montre Xiaomi De Remplacement Sport Poignet Couleur TPU Montre Femme Original Xiaomi Boutique Officielle Nouveau",1,0,visible,,,,,taxable,,0,0,,0,0,,,,,1,,,01005981541778388773664------6-5-4-3------220220,Electronique,,,http://localhost/wordpress/wp-content/uploads/2022/05/Strap-For-Xiaomi-Mi-Smart-Band-6-5-4-3-Watchband-Bracelet-Replacement-Sport-Wrist-Color.jpg_220x220xz.jpg,,,,,,,,,0
285,simple,,"Lucky ANGEL – montre connectée SW8 pour hommes et femmes. 1.85 pouces. Bluetooth. appel. musique. sport. pour Apple Watch série 7. Samsung iwatch. Xiaomi",1,0,visible,,,,,taxable,,1,364,,0,0,,,,,1,,,0191562675443520865968307--8-1-85-----------220220,Electronique,,,http://localhost/wordpress/wp-content/uploads/2022/05/LUCK-ANGEL-SW8-1-85-Inch-Bluetooth-Call-Smart-Watch-Women-Music-Sports-for-Apple-Watch.jpg_220x220xz.jpg,,,,,,,,,0
287,simple,,"Xiaomi – écouteurs d'origine Mi Piston 3. casque d'écoute avec micro. pour Samsung Xiaomi",1,0,visible,,,,,taxable,,0,0,,0,0,,,,,1,,,0190876348849728990311---------3------220220,Electronique,,,http://localhost/wordpress/wp-content/uploads/2022/05/Original-Xiaomi-Earphone-Xiaomi-Fresh-Edition-Earphones-Mi-Piston-3-Ear-Phone-Headset-with-Mic-for.jpg_220x220xz.jpg,,,,,,,,,0
289,simple,,"Carte Micro 2 TO CARTE SD 2 TO MEMORI CARTE 1 TO TF CARTE 2 TO tf carte 2 to carte sd 2 to carte mémoire 2 TO pour carte mémoire de téléphone portable",1,0,visible,,,,,taxable,,1,60,,0,0,,,,,1,,,010198975143908787419429--2---2---1---2---2-220220,Electronique,,,http://localhost/wordpress/wp-content/uploads/2022/05/Micro-card-2TB-SD-CARD-2TB-MEMORI-CARD-1TB-TF-CARD-2TB-tf-card-2tb-sd.jpg_220x220xz.jpg,,,,,,,,,0
291,simple,,"Ceinture de cou à Tourmaline auto-chauffante. thérapie magnétique. enveloppe le cou. soulagement de la douleur. vertèbres cervicales. protection des soins de santé. tendance",1,0,visible,,,,,taxable,,1,4,,0,0,,,,,1,,,014612367429747327167---------------220220,Electronique,,,http://localhost/wordpress/wp-content/uploads/2022/05/Neck-Belt-Tourmaline-Self-Heating-Magnetic-Therapy-Neck-Wrap-Belt-Brace-Pain-Relief-Cervical-Vertebra-Protect.jpg_220x220xz.jpg,,,,,,,,,0
292,simple,,"KIWI design – Interface faciale de remise en forme améliorée pour Oculus/Meta Quest 2 accessoires. coussin en tissu de sport lavable optimisé Noseguard",1,0,visible,,,,,taxable,,1,544,,0,0,,,,,1,,,01310375214981216792840----------2-----220220,Electronique,,,http://localhost/wordpress/wp-content/uploads/2022/05/KIWI-design-Upgraded-Fitness-Facial-Interface-for-Oculus-Meta-Quest-2-Accessories-Optimized-Noseguard-Washable-Sports.jpg_220x220xz.jpg,,,,,,,,,0
293,simple,,"Microphone Lavalier sans fil. Portable. pour enregistrement Audio et vidéo. pour iPhone. Android. Facebook. Youtube. diffusion en direct. jeu",1,0,visible,,,,,taxable,,1,119,,0,0,,,,,1,,,0172994383427404601951---------------220220,Electronique,,,http://localhost/wordpress/wp-content/uploads/2022/05/Wireless-Lavalier-Microphone-Portable-Audio-Video-Recording-Mini-Mic-For-iPhone-Android-Facebook-Youtube-Live-Broadcast.jpg_220x220xz.jpg,,,,,,,,,0
294,simple,,"XIDU – Mini projecteur LED Full HD 1080p. Compatible HDMI. USB Type C. Audio. lecteur vidéo multimédia pour la maison",1,0,visible,,,,,taxable,,1,1075,,0,0,,,,,1,,,01060293148783583146702137-----1080----------220220,Electronique,,,http://localhost/wordpress/wp-content/uploads/2022/05/XIDU-LED-Mini-Projector-Supports-1080p-Full-HD-HDMI-Compatible-USB-Type-C-Audio-Portable-Home.jpg_220x220xz.jpg,,,,,,,,,0
295,simple,,"Encodeur HD 24 canaux HDMI vers IP / ASI IPTV. équipement de système frontal. équipement de système TV d'hôtel",1,0,visible,,,,,taxable,,1,21633,,0,0,,,,,1,,,010396434734450724---------------220220,Electronique,,,http://localhost/wordpress/wp-content/uploads/2022/05/24-channel-HD-encoder-HDMI-to-IP-ASI-IPTV-front-end-system-equipment-Hotel-TV-system.jpg_220x220xz.jpg,,,,,,,,,0
296,simple,,"Insta360 ONE RS - Caméra d'action étanche 4K 60fps et caméra 360 5.7K avec objectifs interchangeables. stabilisation. photo 48MP. montage IA",1,0,visible,,,,,taxable,,1,3500,,0,0,,,,,1,,,01960443150418695121360----4-60---5-7-360-----220220,Electronique,,,http://localhost/wordpress/wp-content/uploads/2022/05/Insta360-ONE-RS-Waterproof-4K-60fps-Action-Camera-5-7K-360-Camera-with-Interchangeable-Lenses-Twin.png_220x220xz.jpg,,,,,,,,,0
297,simple,,"Ulanzi – Mini lampe LED VL49 RGB 2000mAh panneau rechargeable pour appareil Photo et vidéo Youtube Tik tok",1,0,visible,,,,,taxable,,1,172,,0,0,,,,,1,,,015454724608191676772-49--------2000------220220,Electronique,,,http://localhost/wordpress/wp-content/uploads/2022/05/Ulanzi-VL49-RGB-Video-Lights-Mini-LED-Camera-Light-2000mAh-Rechargable-LED-Panel-Lamp-Photo-Video.jpg_220x220xz.jpg,,,,,,,,,0
298,simple,,"Ensemble de Microphones à revers Lavalier sans fil. Microphone portable rechargeable pour enregistrement vidéo court. diffusion en direct",1,0,visible,,,,,taxable,,1,168,,0,0,,,,,1,,,013709592534299380576563--------------220220,Electronique,,,http://localhost/wordpress/wp-content/uploads/2022/05/Wireless-Lavalier-Microphone-Broadcast-Lapel-Microphones-Set-Short-Video-Recording-Chargeable-Handheld-Microphone-Live-Streaming.jpg_220x220xz.jpg,,,,,,,,,0
299,simple,,"ALSTON – projecteur Z3 Full HD 1080P. haut-parleurs HIFI. Home cinéma. Smart Android. Wifi. TV sans écran pour téléphones mobiles et Smartphones",1,0,visible,,,,,taxable,,1,3471,,0,0,,,,,1,,,0168074883103874982-3----1080----------220220,Electronique,,,http://localhost/wordpress/wp-content/uploads/2022/05/ALSTON-Z3-Full-HD-Projector-1080P-HIFI-Speakers-Home-Cinema-Smart-Android-Wifi-Screenless-TV-For.jpg_220x220xz.jpg,,,,,,,,,0
300,simple,,"Montre connectée M6 pour hommes. moniteur d'activité physique. fréquence cardiaque. moniteur de santé. Bracelet pour téléphone portable",1,0,visible,,,,,taxable,,1,60,,0,0,,,,,1,,,01158184428863448179035456--------6-------220220,Electronique,,,http://localhost/wordpress/wp-content/uploads/2022/05/M6-Smart-Watch-For-Men-Fitness-Tracker-Watches-M6-Smart-Band-Heart-Rate-Health-Monitor-Fitness.jpg_220x220xz.jpg,,,,,,,,,0
301,simple,,"Xiaomi – sandales antidérapantes pour hommes et femmes. semelle épaisse EVA résistante à l'usure. pantoufles confortables pour la maison. tongs de bain",1,0,visible,,,,,taxable,,1,9,,0,0,,,,,1,,,0184844610428409405942---------------220220,Electronique,,,http://localhost/wordpress/wp-content/uploads/2022/05/Xiaomi-Fashion-Men-s-Women-s-Sandals-Anti-Slip-Wear-Resistant-EVA-Thick-Sole-Comfortable-Home.jpg_220x220xz.jpg,,,,,,,,,0
302,simple,,"Housse de doigts de jeu pour PUBG. 1/10 paires. respirante. lumineuse. pour écran tactile. gants. accessoires de jeux mobiles",1,0,visible,,,,,taxable,,1,18,,0,0,,,,,1,,,012786385441988900126343931-10--------------220220,Electronique,,,http://localhost/wordpress/wp-content/uploads/2022/05/1-10Pair-Gaming-Finger-Cover-Breathable-For-PUBG-Mobile-Luminous-Sleeve-Touch-Screen-Fingertips-Gloves-Mobile.jpg_220x220xz.jpg,,,,,,,,,0
303,simple,,HK8por,1,0,visible,,,,,taxable,,1,183,,0,0,,,,,1,,9,017501474748998726258220220,Electronique,,,http://localhost/wordpress/wp-content/uploads/2022/05/HK8por.jpg_220x220xz.jpg,,,,,,,,,0
304,simple,,"Montre connectée D20 Pro pour hommes et femmes. Bluetooth. Y68. moniteur de pression artérielle. de fréquence cardiaque. moniteur d'activité physique. pour Xiaomi Huawei",1,0,visible,,,,,taxable,,1,74,,0,0,,,,,1,,,01964375438191625685220-------68--------220220,Electronique,,,http://localhost/wordpress/wp-content/uploads/2022/05/D20-Pro-Bluetooth-Smart-Watch-Men-Women-Y68-Blood-Pressure-Heart-Rate-Monitor-Sport-Smartwatch-Fitness.jpg_220x220xz.jpg,,,,,,,,,0
305,simple,,"D20 Pro – Y68 Montre Connectée Bluetooth avec Moniteur d'Activité Physique. pour le Fitness. Contrôle la Fréquence Cardiaque et la Pression Artérielle. Bracelet Intelligent. Système Android et iOs",1,0,visible,,,,,taxable,,1,36,,0,0,,,,,1,,,016932474848734665999520----68-----------220220,Electronique,,,http://localhost/wordpress/wp-content/uploads/2022/05/D20-Pro-Smart-Watch-Y68-Bluetooth-Fitness-Tracker-Sports-Watch-Heart-Rate-Monitor-Blood-Pressure-Smart.jpg_220x220xz.jpg,,,,,,,,,0
306,simple,,"Montre connectée D13 pour hommes et femmes. étanche. moniteur de fréquence cardiaque et d'activité physique. pour Android et IOS",1,0,visible,,,,,taxable,,1,59,,0,0,,,,,1,,,016493114020691808101413---------------220220,Electronique,,,http://localhost/wordpress/wp-content/uploads/2022/05/D13-Smart-Watch-Men-Blood-Pressure-Waterproof-Smartwatch-Women-Heart-Rate-Monitor-Fitness-Tracker-Watch-Sport.jpg_220x220xz.jpg,,,,,,,,,0
307,simple,,"Adaptateur émetteur récepteur Bluetooth 5.0 sans fil 2 en 1. prise Jack 3.5mm pour la musique de voiture Audio Aux A2dp. récepteur de casque. mains libres",1,0,visible,,,,,taxable,,0,0,,0,0,,,,,1,,,014767518470973661782842--1---5-0----3-5----220220,Electronique,,,http://localhost/wordpress/wp-content/uploads/2022/05/2-in-1-Wireless-Bluetooth-5-0-Receiver-Transmitter-Adapter-3-5mm-Jack-For-Car-Music.jpg_220x220xz.jpg,,,,,,,,,0
308,simple,,"Module d'alimentation Boost. convertisseur 2a Max DC-DC. 3-5V à 5V/9V/12V/24V. MT3608. DC-DC",1,0,visible,,,,,taxable,,1,22,,0,0,,,,,1,,,018651042897572--------2-------220220,Electronique,,,http://localhost/wordpress/wp-content/uploads/2022/05/DC-DC-Step-Up-Power-Module-Boost-Volt-Conver2A-Max-DC-DC-Step-Up-Power-Module.jpg_220x220xz.jpg,,,,,,,,,0
309,simple,,"1/5pcs USB Mâle à PS/2 Femelle Adaptateur Convertisseur connecteur Usb Pour PC pour Sony ps2 Clavier Souris Souris Chaude de Haute Qualité",1,0,visible,,,,,taxable,,1,7,,0,0,,,,,1,,,0100318341464280639501-5------2--------220220,Electronique,,,http://localhost/wordpress/wp-content/uploads/2022/05/1-5pcs-USB-Male-to-for-PS-2-Female-Adapter-Converter-Usb-connector-For-PC-for.jpg_220x220xz.jpg,,,,,,,,,0
310,simple,,"Attache-câble de données 45bb. boucle de fixation de câble. Clip de cordon Portable. organisateur de fil. accessoires de réalité virtuelle pour Oculus Quest 2 VR",1,0,visible,,,,,taxable,,1,20,,0,0,,,,,1,,,016353604515490977435591070---------------220220,Electronique,,,http://localhost/wordpress/wp-content/uploads/2022/05/VR-Cable-Clamp-Cord-Buckle-Data-Cable-Fixer-Earphone-Cord-Clip-VR-Accessory-for-Oculus-Quest.jpg_220x220xz.jpg,,,,,,,,,0
311,simple,,"Xiaomi – sandales antidérapantes à semelle souple EVA. pour salle de bains. pantoufles de maison. nuage. sandales d'intérieur. tongs d'été",1,0,visible,,,,,taxable,,1,8,,0,0,,,,,1,,,01193293960448227927660---------------220220,Electronique,,,http://localhost/wordpress/wp-content/uploads/2022/05/Xiaomi-Thick-Platform-Bathroom-Home-Slippers-Cloud-Slippers-Women-Soft-Sole-EVA-Indoor-Slides-Sandals-Summer.jpg_220x220xz.jpg,,,,,,,,,0
312,simple,,"Manchettes de jeu pour doigts. gants anti-transpiration. respirants. pour jeux mobiles. écran tactile",1,0,visible,,,,,taxable,,1,3,,0,0,,,,,1,,,0125919643471849992889069798---------------220220,Electronique,,,http://localhost/wordpress/wp-content/uploads/2022/05/Gaming-Finger-Sleeve-Game-Controller-Sweatproof-Gloves-Breathable-Fingertips-For-Mobile-Games-Touch-Screen-Finger-Cots.jpg_220x220xz.jpg,,,,,,,,,0
313,simple,,"Tuya – télécommande universelle intelligente WiFi IR. pour contrôle de la télévision. climatiseur. fonctionne avec Alexa Google Home Yandex Alice",1,0,visible,,,,,taxable,,1,29,,0,0,,,,,1,,,016267470184229883007089515---------------220220,Electronique,,,http://localhost/wordpress/wp-content/uploads/2022/05/Tuya-Smart-WiFi-IR-Remote-Universal-for-Smart-Home-Control-for-TV-Air-Conditioner-Works-with.png_220x220xz.png,,,,,,,,,0
314,simple,,"Bracelet mi band 6. bracelet mi band 4 ，bracelet mi band 5 ，Bracelet Homme De montre Xiaomi De Remplacement Sport Poignet Couleur TPU Montre Femme Original Xiaomi Boutique Officielle Nouveau",1,0,visible,,,,,taxable,,0,0,,0,0,,,,,1,,,01005981541778388773664------6-5-4-3------220220,Electronique,,,http://localhost/wordpress/wp-content/uploads/2022/05/Strap-For-Xiaomi-Mi-Smart-Band-6-5-4-3-Watchband-Bracelet-Replacement-Sport-Wrist-Color.jpg_220x220xz.jpg,,,,,,,,,0
315,simple,,"Lucky ANGEL – montre connectée SW8 pour hommes et femmes. 1.85 pouces. Bluetooth. appel. musique. sport. pour Apple Watch série 7. Samsung iwatch. Xiaomi",1,0,visible,,,,,taxable,,1,364,,0,0,,,,,1,,,0191562675443520865968307--8-1-85-----------220220,Electronique,,,http://localhost/wordpress/wp-content/uploads/2022/05/LUCK-ANGEL-SW8-1-85-Inch-Bluetooth-Call-Smart-Watch-Women-Music-Sports-for-Apple-Watch.jpg_220x220xz.jpg,,,,,,,,,0
316,simple,,"Xiaomi – écouteurs d'origine Mi Piston 3. casque d'écoute avec micro. pour Samsung Xiaomi",1,0,visible,,,,,taxable,,0,0,,0,0,,,,,1,,,0190876348849728990311---------3------220220,Electronique,,,http://localhost/wordpress/wp-content/uploads/2022/05/Original-Xiaomi-Earphone-Xiaomi-Fresh-Edition-Earphones-Mi-Piston-3-Ear-Phone-Headset-with-Mic-for.jpg_220x220xz.jpg,,,,,,,,,0
317,simple,,"Carte Micro 2 TO CARTE SD 2 TO MEMORI CARTE 1 TO TF CARTE 2 TO tf carte 2 to carte sd 2 to carte mémoire 2 TO pour carte mémoire de téléphone portable",1,0,visible,,,,,taxable,,1,60,,0,0,,,,,1,,,010198975143908787419429--2---2---1---2---2-220220,Electronique,,,http://localhost/wordpress/wp-content/uploads/2022/05/Micro-card-2TB-SD-CARD-2TB-MEMORI-CARD-1TB-TF-CARD-2TB-tf-card-2tb-sd.jpg_220x220xz.jpg,,,,,,,,,0
318,simple,,"Ceinture de cou à Tourmaline auto-chauffante. thérapie magnétique. enveloppe le cou. soulagement de la douleur. vertèbres cervicales. protection des soins de santé. tendance",1,0,visible,,,,,taxable,,1,4,,0,0,,,,,1,,,014612367429747327167---------------220220,Electronique,,,http://localhost/wordpress/wp-content/uploads/2022/05/Neck-Belt-Tourmaline-Self-Heating-Magnetic-Therapy-Neck-Wrap-Belt-Brace-Pain-Relief-Cervical-Vertebra-Protect.jpg_220x220xz.jpg,,,,,,,,,0
320,simple,,"Xiaomi youpin – lunettes de soleil polarisées pour hommes et femmes. classiques. pour la conduite. la pêche. le sport. personnalisées",1,0,visible,,,,,taxable,,1,40,,0,0,,,,,1,,,01713718546700061024---------------220220,Electronique,,,http://localhost/wordpress/wp-content/uploads/2022/05/xiaomi-youpin-polarized-sunglasses-for-men-and-women-driving-glasses-fishing-glasses-classic-sport-Personalized-Sunglasses.jpg_220x220xz.jpg,,,,,,,,,0
322,simple,,"XIAOMI Mijia – thermomètre et hygromètre numérique intelligent. sans fil. Bluetooth. LCD. pour la maison. fonctionne avec l'application Mijia. 2",1,0,visible,,,,,taxable,,1,66,,0,0,,,,,1,,,0155395649291524334121----2-----------220220,Electronique,,,http://localhost/wordpress/wp-content/uploads/2022/05/XIAOMI-Mijia-Bluetooth-Thermometer-2-Xiaomi-Home-LCD-Wireless-Smart-Electric-Digital-Hygrometer-Thermometer-Work-with.jpg_220x220xz.jpg,,,,,,,,,0
324,simple,,"Transformateur réseau G24101MKG G24101 G24104SIGX G24101SIG G24104 G24103SKG G24103. lot de 5 pièces",1,0,visible,,,,,taxable,,1,86,,0,0,,,,,1,,,0138132566431895933853266955--24101-24101-24101-24104-24101-24104-24103-24103--220220,Electronique,,,http://localhost/wordpress/wp-content/uploads/2022/05/5pcs-lot-G24101MKG-G24101-G24101SCGX-G24104SIGX-G24101SIG-G24104-G24103SKG-G24103-Network-transformer.jpg_220x220xz.jpg,,,,,,,,,0
326,simple,,"Cadre de lunettes en Silicone anti-rayures pour Oculus Quest 2. protection de lentille. facile à installer",1,0,visible,,,,,taxable,,1,109,,0,0,,,,,1,,,01483425246080310222166---2---------2---220220,Electronique,,,http://localhost/wordpress/wp-content/uploads/2022/05/for-Oculus-Quest-2-Silicone-Glasses-Frame-VR-Myopia-Glasses-Frame-for-Quest2-Anti-Scratch-Lens.jpg_220x220xz.jpg,,,,,,,,,0
328,simple,,"Xiaomi Mijia – coupe-ongles en acier inoxydable. avec couvercle anti-éclaboussures. soins de pédicure. lime professionnelle",1,0,visible,,,,,taxable,,1,10,,0,0,,,,,1,,,011523358455839351954---------------220220,Electronique,,,http://localhost/wordpress/wp-content/uploads/2022/05/Xiaomi-Mijia-Stainless-Steel-Nail-Clipper-With-Anti-splash-cover-Trimmer-Pedicure-Care-Nail-Clippers-Professional.jpg_220x220xz.jpg,,,,,,,,,0
330,simple,,"Lot de 10 pièces. pièces par lot. 74HC597D. 74HC595D. SOP16. en STOCK",1,0,visible,,,,,taxable,,1,28,,0,0,,,,,1,,,01530104874186665210--74597-74597-74595-74595-16--220220,Electronique,,,http://localhost/wordpress/wp-content/uploads/2022/05/10PCS-LOT-74HC597D-74HC597-74HC595D-74HC595-SOP16-IN-STOCK.jpg_220x220xz.jpg,,,,,,,,,0
332,simple,,"Bracelet mi band 6. bracelet mi band 4 ，bracelet mi band 5 ，Bracelet Homme De montre Xiaomi De Remplacement Sport Poignet Couleur TPU Montre Femme Original Xiaomi Boutique Officielle Nouveau",1,0,visible,,,,,taxable,,1,6,,0,0,,,,,1,,,01390212594999184981207169------6-5-4-3------220220,Electronique,,,http://localhost/wordpress/wp-content/uploads/2022/05/Metal-Strap-For-Xiaomi-Mi-Band-6-5-4-3-Wrist-Bracelet-Screwless-watchband-Bracelet-Replacement.jpg_220x220xz.jpg,,,,,,,,,0
334,simple,,"Adaptateur DVI femelle vers HDMI mâle (24 + 5) vers connecteur HDMI",1,0,visible,,,,,taxable,,1,11,,0,0,,,,,1,,,0174512534624275186754--------24-5----220220,Electronique,,,http://localhost/wordpress/wp-content/uploads/2022/05/DVI-Female-to-HDMI-Compatible-Male-adapter-DVI-24-5-to-HDMI-Compatible-Connector.jpg_220x220xz.jpg,,,,,,,,,0
336,simple,,"Montre connectée ECG pour hommes et femmes. moniteur de fréquence cardiaque. NFC. 1.9 pouces. nouveau. 2022. pour Xiaomi Iphone Huawei Samsung IWO",1,0,visible,,,,,taxable,,1,375,,0,0,,,,,1,,,012817131063042659060051-9-------2022-------220220,Electronique,,,http://localhost/wordpress/wp-content/uploads/2022/05/1-9-Inch-Smart-Watch-Men-Women-New-2022-NFC-Smartwatch-ECG-Heart-Rate-Monitor-Sport.jpg_220x220xz.jpg,,,,,,,,,0
338,simple,,"2 PCS/LOT MAX522ESA MAX522CSA MAX522 SOP8 INSTOCK",1,0,visible,,,,,taxable,,1,43,,0,0,,,,,1,,,0116362--522-522-522-8-220220,Electronique,,,http://localhost/wordpress/wp-content/uploads/2022/05/2PCS-LOT-MAX522ESA-MAX522CSA-MAX522-SOP8-INSTOCK.jpg_220x220xz.jpg,,,,,,,,,0
340,simple,,"2 pcs/lot AD8362 AD8362ARU AD8362ARUZ en stock",1,0,visible,,,,,taxable,,1,52,,0,0,,,,,1,,,01844756394847708774253912--8362-8362-8362--220220,Electronique,,,http://localhost/wordpress/wp-content/uploads/2022/05/2pcs-lot-AD8362-AD8362ARU-AD8362ARUZ-in-stock.jpg_220x220xz.jpg,,,,,,,,,0
342,simple,,"Perche à Selfie sans fil. Bluetooth. pliable. Mini trépied. obturateur. télécommande pour Ios et Android",1,0,visible,,,,,taxable,,1,46,,0,0,,,,,1,,,016991429495908855708150-------------220220,Electronique,,,http://localhost/wordpress/wp-content/uploads/2022/05/Wireless-Bluetooth-compatible-Selfie-Stick-Foldable-Mini-Tripod-Shutter-Remote-Control-for-Ios-Android.jpg_220x220xz.jpg,,,,,,,,,0
344,simple,,"Xiaomi – sandales antidérapantes à semelle souple EVA. pour salle de bains. pantoufles de maison. nuage. sandales d'intérieur. tongs d'été",1,0,visible,,,,,taxable,,1,58,,0,0,,,,,1,,,0109509735849690965681---------------220220,Electronique,,,http://localhost/wordpress/wp-content/uploads/2022/05/Xiaomi-Thick-Platform-Bathroom-Home-Slippers-Cloud-Slippers-Women-Soft-Sole-EVA-Indoor-Slides-Sandals-Summer-1.jpg_220x220xz-1.jpg,,,,,,,,,0
346,simple,,"Couvercle latéral rabattable de batterie pour GoPro Hero 10 9. noir. amovible. boîtier de charge. accessoires",1,0,visible,,,,,taxable,,0,0,,0,0,,,,,1,,,01295713819489742143949-------10-9-------220220,Electronique,,,http://localhost/wordpress/wp-content/uploads/2022/05/Flip-Battery-Side-Cover-for-GoPro-Hero-10-9-Black-Removable-Battery-Door-Lid-Charging-Case.jpg_220x220xz.jpg,,,,,,,,,0
348,simple,,"Manchettes de jeu pour doigts. gants anti-transpiration. respirants. pour jeux mobiles. écran tactile",1,0,visible,,,,,taxable,,1,2,,0,0,,,,,1,,,012873143210398---------------220220,Electronique,,,http://localhost/wordpress/wp-content/uploads/2022/05/Gaming-Finger-Sleeve-Game-Controller-Sweatproof-Gloves-Breathable-Fingertips-For-Mobile-Games-Touch-Screen-Finger-Cots-1.jpg_220x220xz-1.jpg,,,,,,,,,0
350,simple,,"Xiaomi – télécommande sans fil 433MHZ. 4 canaux. ouvre-porte de Garage. duplicateur de télécommande. Code de clonage. clé de voiture",1,0,visible,,,,,taxable,,1,42,,0,0,,,,,1,,,01311121463542080399581721--433---4----------220220,Electronique,,,http://localhost/wordpress/wp-content/uploads/2022/05/Xiaomi-Wireless-433MHZ-Remote-Control-4-Channe-Garage-Gate-Door-Opener-Remote-Control-Duplicator-Clone-Cloning.jpg_220x220xz.jpg,,,,,,,,,0
352,simple,,"Montre Connectée Q12 pour IOS et Android Z5S. Étanche IP67. Carte Sim. Photo. Avec Téléphone SOS. Bracelet pour Enfant. Cadeau",1,0,visible,,,,,taxable,,1,174,,0,0,,,,,1,,,01585172678461986812497812---------------220220,Electronique,,,http://localhost/wordpress/wp-content/uploads/2022/05/Q12-Children-s-Smart-Watch-SOS-Phone-Watch-Smartwatch-For-Kids-With-Sim-Card-Photo-Waterproof.jpg_220x220xz.jpg,,,,,,,,,0
354,simple,,"Perche à Selfie compatible Bluetooth. monopode. batterie. télécommande. obturateur. trépied pour smartphone",1,0,visible,,,,,taxable,,1,58,,0,0,,,,,1,,,011169---------------220220,Electronique,,,http://localhost/wordpress/wp-content/uploads/2022/05/Selfie-Sticks-selfie-stick-Bluetooth-compatible-stick-battery-remote-control-shutter-monopod-selfie-stick-tripod-for.jpg_220x220xz.jpg,,,,,,,,,0
356,simple,,"Adaptateur USB Bluetooth 5.0. transmetteur récepteur Audio. Dongle sans fil pour ordinateur PC portable A",1,0,visible,,,,,taxable,,1,30,,0,0,,,,,1,,,01151659584723761--5-0------------220220,Electronique,,,http://localhost/wordpress/wp-content/uploads/2022/05/USB-Bluetooth-5-0-Adapter-Transmitter-Bluetooth-Receiver-Audio-Bluetooth-Dongle-Wireless-USB-Adapter-for-Computer.jpg_220x220xz.jpg,,,,,,,,,0
358,simple,,"Montre connectée 2022 119Plus pour Android et Ios. Bracelet électronique. moniteur de pression artérielle et de fréquence cardiaque. Bluetooth. étanche",1,0,visible,,,,,taxable,,1,43,,0,0,,,,,1,,,01142607973444299724780274712022-119--------------220220,Electronique,,,http://localhost/wordpress/wp-content/uploads/2022/05/2022-119Plus-Smart-Watch-Blood-Pressure-Sport-Tracker-Waterproof-Bluetooth-Smart-Bracelet-Heart-Rate-Monitoring-For.png_220x220xz.jpg,,,,,,,,,0
360,simple,,"Prise mâle 6.35mm à connecteur femelle 3.5mm. amplificateur d'écouteurs. adaptateur Audio. Microphone. convertisseur AUX 6.3 3.5 Mm",1,0,visible,,,,,taxable,,1,17,,0,0,,,,,1,,,019869662747417336307066-35----3-5---------6220220,Electronique,,,http://localhost/wordpress/wp-content/uploads/2022/05/6-35mm-Male-Plug-To-3-5mm-Female-Connector-Earphone-Amplifier-Audio-Adapter-Microphone-AUX-6.jpg_220x220xz.jpg,,,,,,,,,0
362,simple,,"1 paire de manchons de doigts pour jeux mobiles PUBG. respirants. Anti-transpiration. antidérapants",1,0,visible,,,,,taxable,,1,21,,0,0,,,,,1,,,010967215454070967138941---------------220220,Electronique,,,http://localhost/wordpress/wp-content/uploads/2022/05/1-Pair-For-PUBG-Gaming-Finger-Sleeve-Breathable-Fingertips-Sweatproof-Anti-slip-Fingertip-Cover-Thumb-Gloves.jpg_220x220xz.jpg,,,,,,,,,0
364,simple,,"DWM120X2-03N DWM90X2-04N",1,0,visible,,,,,taxable,,1,55,,0,0,,,,,1,,,013130449132155891202-03-902-04220220,Electronique,,,http://localhost/wordpress/wp-content/uploads/2022/05/DWM120X2-03N-DWM90X2-04N.png_220x220xz.jpg,,,,,,,,,0
366,simple,,"Autocollants de peau de LOGO décoratif pour PS5. DIY bricolage",1,0,visible,,,,,taxable,,1,24,,0,0,,,,,1,,,01982894781283617838------5220220,Electronique,,,http://localhost/wordpress/wp-content/uploads/2022/05/DIY-Decorative-LOGO-Skin-Stickers-For-PS5.jpg_220x220xz.jpg,,,,,,,,,0
368,simple,,"Xiaomi Youpin – sandales pour hommes et femmes. antidérapantes. résistantes à l'usure. semelle épaisse EVA. pantoufles de maison confortables. salle de bain",1,0,visible,,,,,taxable,,1,9,,0,0,,,,,1,,,01646749938569165---------------220220,Electronique,,,http://localhost/wordpress/wp-content/uploads/2022/05/Xiaomi-Youpin-Fashion-Sandals-for-Men-and-Women-Non-slip-Wear-Resistant-EVA-Thick-Sole-Comfortable.jpg_220x220xz.jpg,,,,,,,,,0
370,simple,,"Prise Jack mâle 6.35mm à connecteur femelle 3.5mm. adaptateur d'amplificateur de casque. Microphone AUX 6.3. convertisseur 3.5 Mm TXTB1",1,0,visible,,,,,taxable,,1,4,,0,0,,,,,1,,,0126122234823884260503870941--6-35----3-5-------220220,Electronique,,,http://localhost/wordpress/wp-content/uploads/2022/05/1Pcs-Jack-6-35mm-Male-Plug-To-3-5mm-Female-Connector-Headphone-Amplifier-Adapter-Microphone-AUX.jpg_220x220xz.jpg,,,,,,,,,0
372,simple,,"Ceinture de cou à Tourmaline auto-chauffante. thérapie magnétique. enveloppe le cou. soulagement de la douleur. vertèbres cervicales. protection des soins de santé. tendance",1,0,visible,,,,,taxable,,1,4,,0,0,,,,,1,,,01673818646195329032---------------220220,Electronique,,,http://localhost/wordpress/wp-content/uploads/2022/05/Neck-Belt-Tourmaline-Self-Heating-Magnetic-Therapy-Neck-Wrap-Belt-Brace-Pain-Relief-Cervical-Vertebra-Protect-1.jpg_220x220xz-1.jpg,,,,,,,,,0
374,simple,,"Montre connectée IWO série 7 pour hommes et femmes. bracelet électronique. moniteur d'activité physique. avec horloge. appel BT. 44mm. pour Apple Xiaomi Huawei PK X8 Max. 2022",1,0,visible,,,,,taxable,,1,186,,0,0,,,,,1,,,0197920845992950408092022----7-----44------220220,Electronique,,,http://localhost/wordpress/wp-content/uploads/2022/05/2022-Smart-Watch-Series-7-IWO-Smartwatch-Men-Women-44mm-BT-Call-Sports-Fitness-Tracker-Clock.jpg_220x220xz.jpg,,,,,,,,,0
376,simple,,"Adaptateur Micro/Mini HDMI mâle vers HDMI standard femelle deux-en-un",1,0,visible,,,,,taxable,,1,12,,0,0,,,,,1,,,01317105459005403785759--------------220220,Electronique,,,http://localhost/wordpress/wp-content/uploads/2022/05/Micro-Mini-HDMI-compatible-male-to-standard-HDMI-compatible-female-two-in-one-adapter-connector.jpg_220x220xz.jpg,,,,,,,,,0
378,simple,,"Stylo de nettoyage d'objectif pour méta/Oculus Quest 2. brosse douce rétractable pour appareils photo DSLR. nettoyeur d'empreintes digitales de poussière pour rivets HTC Vive",1,0,visible,,,,,taxable,,1,24,,0,0,,,,,1,,,01936984849801930960-------2--------220220,Electronique,,,http://localhost/wordpress/wp-content/uploads/2022/05/Lens-Cleaning-Pen-for-Meta-Oculus-Quest-2-Retractable-Soft-Brush-for-DSLR-Cameras-Dust-Fingerprint.jpg_220x220xz.jpg,,,,,,,,,0
380,simple,,"Sacoche de rangement pour nintendo Switch. étui Portable étanche en EVA. sac de protection rigide pour accessoires de Console et de jeu",1,0,visible,,,,,taxable,,1,21,,0,0,,,,,1,,,012534268584860203790---------------220220,Electronique,,,http://localhost/wordpress/wp-content/uploads/2022/05/Bag-For-Nintend-Switch-Case-Portable-Waterproof-EVA-Hard-Protective-Storage-Bag-For-Nitend-Switch-Console.jpg_220x220xz.jpg,,,,,,,,,0
382,simple,,"Montre connectée de Sport S7 PRO pour hommes et femmes. entièrement tactile. moniteur de fréquence cardiaque. moniteur d'activité physique. Bluetooth. appel. PK W17 W27 PRO DT7 MAX. 2022",1,0,visible,,,,,taxable,,1,136,,0,0,,,,,1,,,015117824789866045887---------------220220,Electronique,,,http://localhost/wordpress/wp-content/uploads/2022/05/S7-PRO-Sport-Smart-Watch-Men-Women-Full-Touch-Heart-Rate-Fitness-Tracker-Bluetooth-Call-Smartwatch.jpg_220x220xz.jpg,,,,,,,,,0
384,simple,,"Montre connectée pour hommes et femmes. Bracelet de Fitness. personnalisé. Bluetooth. réponse aux appels. charge sans fil. nouveau. 2022",1,0,visible,,,,,taxable,,1,351,,0,0,,,,,1,,,019572985945047952525096492022---------------220220,Electronique,,,http://localhost/wordpress/wp-content/uploads/2022/05/2022-NEW-Smart-Watch-Bluetooth-Answer-Calls-Smartwatch-For-Men-Women-Fitness-Bracelet-Custom-Watch-Face.jpg_220x220xz.jpg,,,,,,,,,0
387,simple,,"Écouteurs Sans Fil Bluetooth. Oreillettes de Sport. Étanches. pour Iphone. Huawei. Xiaomi. Nouveau. 5.0. Mini-2 TWS",1,0,visible,,,,,taxable,,1,10259,,0,0,,,,,1,,,014648221640961274--2-----5-0-------220220,"écouteurs et casques",,,http://localhost/wordpress/wp-content/uploads/2022/05/New-mini-2-TWS-wireless-earphones-bluetooth-5-0-earphones-sports-earbuds-waterproof-earphones-for-iphone.jpg_220x220xz.jpg,,,,,,,,,0
389,simple,,"Écouteurs Bluetooth sans fil stéréo pliables avec microphone. Casque d'écoute pour sport mains libres. pour lecteur MP3",1,0,visible,,,,,taxable,,1,6714,,0,0,,,,,1,,,012849944463160714646-------------3-220220,"écouteurs et casques",,,http://localhost/wordpress/wp-content/uploads/2022/05/Headphones-Bluetooth-Headset-Earphone-Wireless-Headphones-Stereo-Foldable-Sport-Earphone-Microphone-Headset-Handfree-MP3-Player.jpg_220x220xz.jpg,,,,,,,,,0
391,simple,,"JBL – écouteurs sans fil Bluetooth T280 TWS. oreillettes de sport. casque d'écoute. étui de chargement. 100% d'origine",1,0,visible,,,,,taxable,,1,3468,,0,0,,,,,1,,,0188932076484486722178298100---280------------280220220,"écouteurs et casques",,,http://localhost/wordpress/wp-content/uploads/2022/05/100-Original-JBL-T280-TWS-Wireless-Bluetooth-Earphone-Headphone-Sports-Earbuds-Bass-Jbl-Headphones-Headset-T280TWS.jpg_220x220xz.jpg,,,,,,,,,0
393,simple,,"Écouteurs sans fil tws 5.0. oreillettes de sport. mains libres. boîte de chargement pour iPhone Xiaomi huawei Pho",1,0,visible,,,,,taxable,,1,2,,0,0,,,,,1,,,0190059519437938833109225---5-0-----------220220,"écouteurs et casques",,,http://localhost/wordpress/wp-content/uploads/2022/05/Cartoon-tws-Wireless-5-0-Earphones-Earbuds-Sports-Handsfree-Earphone-Headset-Charging-Box-for-iPhone-Xiaomi.jpg_220x220xz.jpg,,,,,,,,,0
395,simple,,"KZ – écouteurs intra-auriculaires EDX Crystal Color 1DD. basse HIFI. casque d'écoute de Sport. suppression du bruit",1,0,visible,,,,,taxable,,1,1204,,0,0,,,,,1,,,01330122503469620704117----1-----------220220,"écouteurs et casques",,,http://localhost/wordpress/wp-content/uploads/2022/05/KZ-EDX-Crystal-Color-1DD-HIFI-Bass-Earbuds-In-Ear-Monitor-Headphones-Sport-Noise-Cancelling-Headset.jpg_220x220xz.jpg,,,,,,,,,0
397,simple,,"KZ – écouteurs intra-auriculaires dynamiques. basse. hi-fi. oreillettes de Sport. stop-bruit. EDX. 1 pièce",1,0,visible,,,,,taxable,,1,4375,,0,0,,,,,1,,,010422417174659966843956881---1------------220220,"écouteurs et casques",,,http://localhost/wordpress/wp-content/uploads/2022/05/KZ-EDX-Earphones-1-Dynamic-HIFI-Bass-Earbuds-In-Ear-Monitor-Headphones-Sport-Noise-Cancelling-Headset.jpg_220x220xz.jpg,,,,,,,,,0
399,simple,,"Lenovo – écouteurs sans fil LP40 Pro TWS. Bluetooth 5.1. réduction du bruit. basse. commande tactile. 250mAH. originaux",1,0,visible,,,,,taxable,,1,117,,0,0,,,,,1,,,01885613495068842--40------5-1------220220,"écouteurs et casques",,,http://localhost/wordpress/wp-content/uploads/2022/05/Original-Lenovo-LP40-Pro-TWS-Wireless-Earphones-Bluetooth-5-1-Sport-Noise-Reduction-Bass-Headphones-Touch.jpg_220x220xz.jpg,,,,,,,,,0
401,simple,,"COWIN E7 – E7 Casque antibruit actif Casque Bluetooth avec microphone Casque sans fil à basses profondes sur l'oreille. coussinets protéinés confortables. 30 heures de lecture pour les voyages",1,0,visible,,,,,taxable,,1,536,,0,0,,,,,1,,,016357744688577531917-7--------------220220,"écouteurs et casques",,,http://localhost/wordpress/wp-content/uploads/2022/05/COWIN-E7-Upgraded-Active-Noise-Cancelling-Headphone-Wireless-Bluetooth-Headset-with-Microphone-Deep-Bass-Bluetooth-Headphones.jpg_220x220xz.jpg,,,,,,,,,0
403,simple,,"Écouteurs sans fil TWS Bluetooth 5.1. casque d'écoute. double stéréo. réduction de bruit. Sport. basse. commande tactile. longue durée de veille. 3000mAH",1,0,visible,,,,,taxable,,1,1892,,0,0,,,,,1,,,01341421134599556364071226-----5-1---------220220,"écouteurs et casques",,,http://localhost/wordpress/wp-content/uploads/2022/05/TWS-Wireless-Earphone-Bluetooth-Headphone-5-1-Dual-Stereo-Noise-Reduction-Sport-Bass-Touch-Control-Headset.jpg_220x220xz.jpg,,,,,,,,,0
405,simple,,"Écouteurs intra-auriculaires sans fil Bluetooth Tws. oreillettes de sport stéréo. étanche. réduction de bruit. micro HD. nouvelle collection",1,0,visible,,,,,taxable,,1,7331,,0,0,,,,,1,,,0106604657103698313098---------------220220,"écouteurs et casques",,,http://localhost/wordpress/wp-content/uploads/2022/05/New-Original-Bluetooth-Earphone-Wireless-Headphones-Tws-Headset-Sports-In-Ear-Stereo-Earbuds-Waterproof-Noise-Reduction.jpg_220x220xz.jpg,,,,,,,,,0
407,simple,,"HYGAMOCC – écouteurs sans fil Bluetooth V5.1 TWS. casque stéréo. commande tactile. oreillettes. réduction de bruit étanche. micro HD",1,0,visible,,,,,taxable,,1,4772,,0,0,,,,,1,,,01659849083665585600---5-1-----------220220,"écouteurs et casques",,,http://localhost/wordpress/wp-content/uploads/2022/05/HYGAMOCC-Bluetooth-Earphones-V5-1-TWS-Wireless-Headphones-Stereo-Headset-Touch-Control-Earbuds-Waterproof-Noise-Reduction.jpg_220x220xz.jpg,,,,,,,,,0
409,simple,,"Écouteurs intra-auriculaires sans fil Bluetooth 5.0 TWS Pro 4. casque d'écoute stéréo Hi-Fi pour Smartphones",1,0,visible,,,,,taxable,,1,2659,,0,0,,,,,1,,,0181006774083818582922793-4---5-0----------220220,"écouteurs et casques",,,http://localhost/wordpress/wp-content/uploads/2022/05/Pro-4-TWS-Bluetooth-5-0-Earphones-Wireless-Headphones-Hi-Fi-Stereo-Headset-Mini-In-Ear.jpg_220x220xz.jpg,,,,,,,,,0
411,simple,,"Écouteurs filaires intra-auriculaires avec Microphone intégré. 8 couleurs. mains libres. pour Smartphones. 1 pièce. 3.5mm",1,0,visible,,,,,taxable,,1,245,,0,0,,,,,1,,,018079202484815159522671----8----------3-5220220,"écouteurs et casques",,,http://localhost/wordpress/wp-content/uploads/2022/05/1-PCS-Portable-Sport-8-Colors-Earphone-Wired-Super-Bass-With-Built-in-Microphone-3-5mm.jpg_220x220xz.jpg,,,,,,,,,0
413,simple,,"Oreillettes sans fil Bluetooth. antibruit. casque avec Microphone. écouteurs de sport. boîte de charge étanche",1,0,visible,,,,,taxable,,1,1449,,0,0,,,,,1,,,0122085833478966302085173--------------220220,"écouteurs et casques",,,http://localhost/wordpress/wp-content/uploads/2022/05/Bluetooth-Earphone-Wireless-Earbud-Noise-Cancelling-Headset-With-Microphone-Headphone-Sports-Waterproof-Charging-Box-Wirele.png_220x220xz.jpg,,,,,,,,,0
415,simple,,"Écouteurs sans fil Bluetooth TWS. casque d'écoute HiFi stéréo. réduction du bruit. oreillettes de Sport. Microphone avec boîte de charge 3000mAh",1,0,visible,,,,,taxable,,1,1298,,0,0,,,,,1,,,019840394789441827976543--------------3000-220220,"écouteurs et casques",,,http://localhost/wordpress/wp-content/uploads/2022/05/Wireless-Bluetooth-Headphone-TWS-Earphone-HiFi-Stereo-Noise-Reduction-Headset-Sport-Earbuds-Microphone-With-3000mAh-Charging.jpg_220x220xz.jpg,,,,,,,,,0
417,simple,,"Écouteurs sans fil Bluetooth 5.0 TWS. casque d'écoute avec Microphone. stéréo 9D. oreillettes de Sport. étanches. commande tactile",1,0,visible,,,,,taxable,,1,157,,0,0,,,,,1,,,015915103584479045926870----5-0----9------220220,"écouteurs et casques",,,http://localhost/wordpress/wp-content/uploads/2022/05/TWS-Bluetooth-Earphone-Wireless-5-0-Headphone-With-Microphone-9D-Stereo-Gaming-Sport-Waterproof-Earbuds-Headsets.png_220x220xz.jpg,,,,,,,,,0
419,simple,,"Écouteurs sans fil Air Pro 6 TWS avec micro Fone Bluetooth. oreillettes de Sport pour Apple iPhone Xiaomi Pro6",1,0,visible,,,,,taxable,,1,59,,0,0,,,,,1,,,01167468343939194--6-------------220220,"écouteurs et casques",,,http://localhost/wordpress/wp-content/uploads/2022/05/Air-Pro-6-TWS-Wireless-Headphones-with-Mic-Fone-Bluetooth-Earphones-Sport-Running-Earpiece-for-Apple.jpg_220x220xz.jpg,,,,,,,,,0
421,simple,,"Écouteurs sans fil Bluetooth Tws. casque stéréo. basse. musique. oreillettes de sport. étanche. bruit. micro HD. pour téléphone intelligent. nouveau",1,0,visible,,,,,taxable,,1,11323,,0,0,,,,,1,,,01299451274423818527---------------220220,"écouteurs et casques",,,http://localhost/wordpress/wp-content/uploads/2022/05/NEW-Bluetooth-Earphone-Wireless-Headphones-Tws-Stereo-Headset-Bass-Music-Earbuds-Waterproof-Sports-Noise-HD-Mic.jpg_220x220xz.jpg,,,,,,,,,0
423,simple,,"Écouteurs sans fil Bluetooth 5.0 TWS. stéréo. intra-auriculaires. mains libres. avec boîte de chargement. pour Smartphone",1,0,visible,,,,,taxable,,1,2813,,0,0,,,,,1,,,0105871715424471334077-----5-0---------220220,"écouteurs et casques",,,http://localhost/wordpress/wp-content/uploads/2022/05/TWS-Bluetooth-Earphones-HiFi-Stereo-5-0-Wireless-EarphonesIn-ear-Handsfree-Headset-Earbuds-With-Charging-Box.jpg_220x220xz.jpg,,,,,,,,,0
425,simple,,"Écouteurs sans fil Bluetooth 5.0 TWS. oreillettes de sport. 3000mAh. étanches. intra-auriculaires. HiFi. stéréo. avec micro",1,0,visible,,,,,taxable,,1,1633,,0,0,,,,,1,,,014877639143628816027836----5-0---3000-------220220,"écouteurs et casques",,,http://localhost/wordpress/wp-content/uploads/2022/05/TWS-Earphone-Wireless-Bluetooth-5-0-Charging-Box-3000mAh-Headphone-Sports-Waterproof-In-Ear-HiFi-Stereo.jpg_220x220xz.jpg,,,,,,,,,0
427,simple,,"Écouteurs sans fil Bluetooth TWS. oreillettes intra-auriculaires. stéréo étanche. Mini casque de sport. bruit. micro HD. pour téléphone intelligent",1,0,visible,,,,,taxable,,1,1985,,0,0,,,,,1,,,011247194474096530062---------------220220,"écouteurs et casques",,,http://localhost/wordpress/wp-content/uploads/2022/05/TWS-Bluetooth-Earphone-Wireless-Headphones-In-Ear-Earbuds-Waterproof-Stereo-Sports-Noise-Mini-Headset-HD-Mic.jpg_220x220xz.jpg,,,,,,,,,0
429,simple,,"Écouteurs sans fil Bluetooth A6Lite TWS. casque d'écoute étanche. réduction du bruit. oreillettes avec micro pour Smartphones",1,0,visible,,,,,taxable,,1,1334,,0,0,,,,,1,,,012981164029432795098725986---------------220220,"écouteurs et casques",,,http://localhost/wordpress/wp-content/uploads/2022/05/A6Lite-TWS-Earphones-Wireless-Bluetooth-Headphones-Waterproof-Sport-Headset-Noise-Reduction-Earbuds-with-Mic-For-Smartphones.jpg_220x220xz.jpg,,,,,,,,,0
431,simple,,"Écouteurs filaires stéréo basse pour Gamer. oreillettes de jeu avec Microphone. résistantes à la sueur. pour téléphone portable et ordinateur",1,0,visible,,,,,taxable,,1,2356,,0,0,,,,,1,,,0133360150542701138718936---------------220220,"écouteurs et casques",,,http://localhost/wordpress/wp-content/uploads/2022/05/Wired-Headphones-Stereo-Bass-Gamer-Earphones-Gaming-Earphone-with-Microphone-Sweatproof-Sports-Haedset-For-Mobile-Phone.jpg_220x220xz.jpg,,,,,,,,,0
433,simple,,"Écouteurs magnétiques sans fil Bluetooth. casque d'écoute pour le Sport. la course. étanche IPX5. HD. réduction du bruit. avec micro",1,0,visible,,,,,taxable,,1,742,,0,0,,,,,1,,,018593594449776842-------5--------220220,"écouteurs et casques",,,http://localhost/wordpress/wp-content/uploads/2022/05/Wireless-Bluetooth-Earphones-Magnetic-Sports-Running-Headset-IPX5-Waterproof-Sport-HD-Earbuds-Noise-Reduction-Headphone-with.jpg_220x220xz.jpg,,,,,,,,,0
435,simple,,"Écouteurs sans fil Bluetooth TWS A6Lite. Mini oreillettes de Sport. pour Smartphone iPhone Xiaomi",1,0,visible,,,,,taxable,,1,431,,0,0,,,,,1,,,01567712454939226693554-6--------------220220,"écouteurs et casques",,,http://localhost/wordpress/wp-content/uploads/2022/05/TWS-A6Lite-Bluetooth-Headphones-Headset-Wireless-Earphones-HD-Voice-HiFi-Stereo-Sport-Mini-Earbuds-For-Smartphone.jpg_220x220xz.jpg,,,,,,,,,0
437,simple,,"Écouteurs sans fil Bluetooth 5.0 TWS Y50. oreillettes de sport. stop-bruit. hi-fi. stéréo. pour Smartphones",1,0,visible,,,,,taxable,,1,2958,,0,0,,,,,1,,,0117938397643058879648850-----5-0---------220220,"écouteurs et casques",,,http://localhost/wordpress/wp-content/uploads/2022/05/Y50-TWS-Wireless-Headphones-Bluetooth-5-0-Earphones-Noise-Reduction-Headset-HIFI-Stereo-Airbuds-Sports-Earbuds.jpg_220x220xz.jpg,,,,,,,,,0
439,simple,,"Mini écouteurs Bluetooth TWS invisibles. oreillettes sans fil. stop-bruit. mains libres. stéréo. avec Microphone",1,0,visible,,,,,taxable,,1,575,,0,0,,,,,1,,,0183429249380345---------------220220,"écouteurs et casques",,,http://localhost/wordpress/wp-content/uploads/2022/05/Mini-Invisible-Ture-Wireless-Earphone-Noise-Cancelling-Bluetooth-Headphone-Handsfree-Stereo-Headset-TWS-Earbud-With-Microphone.jpg_220x220xz.jpg,,,,,,,,,0
441,simple,,"Oreillettes sans fil Bluetooth Mini2 TWS. Mini oreillettes Macaron. Sport. mains libres. avec boîte de chargement. micro. pour iPhone Xiaomi",1,0,visible,,,,,taxable,,1,1371,,0,0,,,,,1,,,011508224947030197612---------------220220,"écouteurs et casques",,,http://localhost/wordpress/wp-content/uploads/2022/05/Mini2-TWS-Wireless-Bluetooth-Earphones-Mini-Macaron-Earbuds-Sport-Handsfree-Headsets-With-Mic-Charging-Box-For.jpg_220x220xz.jpg,,,,,,,,,0
443,simple,,"Écouteurs Bluetooth A6S. casque d'écoute stéréo. oreillettes de sport. microphone. avec boîte de chargement. pour tous les smartphones",1,0,visible,,,,,taxable,,1,35,,0,0,,,,,1,,,01825288709409183331833936-------------220220,"écouteurs et casques",,,http://localhost/wordpress/wp-content/uploads/2022/05/A6S-Bluetooth-EarphoneWireless-Headphone-Stereo-Headset-sportEarbuds-microphone-with-charging-box-for-every-smartphone.jpg_220x220xz.jpg,,,,,,,,,0
445,simple,,"Écouteurs de jeu filaires avec Microphone. oreillettes de sport. basse stéréo. pour téléphone portable. ordinateur",1,0,visible,,,,,taxable,,1,357,,0,0,,,,,1,,,012050356141169412071---------------220220,"écouteurs et casques",,,http://localhost/wordpress/wp-content/uploads/2022/05/Wired-Headphones-Gaming-Earphones-with-Microphone-Stereo-Bass-Gamer-Earphones-Sports-Haedset-For-Mobile-Phone-Computer.jpg_220x220xz.jpg,,,,,,,,,0
447,simple,,"Écouteurs sans fil Bluetooth V5.0 TWS. oreillettes étanches avec boîte de charge 3000mAh 9D HiFi stéréo pour sport",1,0,visible,,,,,taxable,,1,4948,,0,0,,,,,1,,,019038627044209603186763203-----5-0-3000---9-----220220,"écouteurs et casques",,,http://localhost/wordpress/wp-content/uploads/2022/05/TWS-Earphones-Wireless-Bluetooth-Headphone-V5-0-3000mAh-Charging-Box-9D-HiFi-Stereo-Sports-Waterproof-Earbuds.jpg_220x220xz.jpg,,,,,,,,,0
449,simple,,"Écouteurs sans fil Bluetooth TWS Pro4. Mini casque de sport. oreillettes de musique. pour iPhone Xiaomi Huawei Redmi",1,0,visible,,,,,taxable,,1,2357,,0,0,,,,,1,,,01317975449947915241-4--------------220220,"écouteurs et casques",,,http://localhost/wordpress/wp-content/uploads/2022/05/TWS-Pro4-Bluetooth-Earphones-Wireless-Headphones-Mini-Sports-Headset-Earbuds-Music-Earpieces-For-iPhone-Xiaomi-Huawei.jpg_220x220xz.jpg,,,,,,,,,0
451,simple,,"Casque de jeu filaire Hifi avec caisson de basses. qualité sonore. pliable. Portable. prise 3.5mm. adapté aux Pc et à la réception de jeux sur tous les Smartphones",1,0,visible,,,,,taxable,,1,1327,,0,0,,,,,1,,,0183239033474529438780211---------3-5-----220220,"écouteurs et casques",,,http://localhost/wordpress/wp-content/uploads/2022/05/Subwoofer-Wired-Gaming-Headset-Hifi-Sound-Quality-Foldable-Portable-3-5mm-Plug-Suitable-For-Pc-Game.jpg_220x220xz.jpg,,,,,,,,,0
453,simple,,"Pro3 – écouteurs sans fil Bluetooth 5.0 TWS. oreillettes de sport. étanches. pour Smartphones Iphone Huawei Xiaomi",1,0,visible,,,,,taxable,,1,1048,,0,0,,,,,1,,,015019960439809586168293----5-0----------220220,"écouteurs et casques",,,http://localhost/wordpress/wp-content/uploads/2022/05/pro3-TWS-Wireless-Headphones-5-0-Bluetooth-Earphones-Sports-Earbuds-Waterproof-Earphones-for-Iphone-Huawei-Xiaomi.jpg_220x220xz.jpg,,,,,,,,,0
455,simple,,"Écouteurs sans fil Bluetooth A6Lite TWS. oreillettes avec micro. appel HD. casque de sport pour Smartphones iPhone Xiaomi",1,0,visible,,,,,taxable,,1,32,,0,0,,,,,1,,,0160351573548297477173256---------------220220,"écouteurs et casques",,,http://localhost/wordpress/wp-content/uploads/2022/05/A6Lite-TWS-Bluetooth-Earphones-Wireless-Headphones-In-Ear-Earbuds-With-Mic-HD-Call-Sports-Headset-For.jpg_220x220xz.jpg,,,,,,,,,0
457,simple,,"Écouteurs sans fil Bluetooth TWS. casque d'écoute Invisible. mains libres. avec Microphone. 2021",1,0,visible,,,,,taxable,,1,1746,,0,0,,,,,1,,,01710779727478931655530692021---------------220220,"écouteurs et casques",,,http://localhost/wordpress/wp-content/uploads/2022/05/2021-Invisible-Ture-Wireless-Earphone-Noise-Cancelling-Bluetooth-Headphone-Handsfree-Stereo-Headset-TWS-Earbud-With-Microphone.jpg_220x220xz.jpg,,,,,,,,,0
459,simple,,"Écouteurs filaires intra-auriculaires 2021mm. pour téléphone d'ordinateur. Samsung. Xiaomi. oreillettes à double entraînement. stéréo. casque de Sport. musique. mains libres. 3.5",1,0,visible,,,,,taxable,,1,1098,,0,0,,,,,1,,,01723237024630082762021-----3-5---------220220,"écouteurs et casques",,,http://localhost/wordpress/wp-content/uploads/2022/05/2021-Earphones-Wired-In-Ear-3-5mm-For-Computer-Phone-Samsung-Xiaomi-Earbuds-Dual-Drive-Stereo.jpg_220x220xz.jpg,,,,,,,,,0
461,simple,,"Écouteurs magnétiques sans fil bluetooth. casque musical. de téléphone. bandeau d'oreillettes de sport. avec microphone. pour iPhone samsung xiaomi. XT11",1,0,visible,,,,,taxable,,1,846,,0,0,,,,,1,,,015274734097984262220----11-----------220220,"écouteurs et casques",,,http://localhost/wordpress/wp-content/uploads/2022/05/Magnetic-Wireless-Bluetooth-Earphones-XT11-Music-Headset-Phone-Neckband-Sport-Earbuds-Earphone-with-Mic-For-iPhone.jpg_220x220xz.jpg,,,,,,,,,0
463,simple,,"Écouteurs sans fil Bluetooth Y50 TWS. pour Smartphone. oreillettes stéréo. Samsung Sport. Microphone. iPhone",1,0,visible,,,,,taxable,,1,1121,,0,0,,,,,1,,,0148389748598317415-50--------------220220,"écouteurs et casques",,,http://localhost/wordpress/wp-content/uploads/2022/05/AIRVOLT-Y50-TWS-Wireless-Headphones-for-Smartphone-Bluetooth-Earphone-Stereo-Headset-Samsung-Sport-Earbuds-Microphone-iPhone.jpg_220x220xz.jpg,,,,,,,,,0
465,simple,,"Écouteurs sans fil Bluetooth Air Pro 6 TWS. oreillettes de Sport. de course. avec micro. pour Apple iPhone Xiaomi",1,0,visible,,,,,taxable,,1,1234,,0,0,,,,,1,,,01336408634287653149607--6-------------220220,"écouteurs et casques",,,http://localhost/wordpress/wp-content/uploads/2022/05/Air-Pro-6-TWS-Wireless-Headphones-With-Mic-Tws-fone-Bluetooth-Earphone-Earbuds-Sport-Running-Earpiece.jpg_220x220xz.jpg,,,,,,,,,0
467,simple,,"Écouteurs intra-auriculaires sans fil Bluetooth TWS Tg04. Mini réduction de bruit. avec affichage numérique. casque de Sport et de jeu électronique",1,0,visible,,,,,taxable,,1,740,,0,0,,,,,1,,,012048849975409044177------------04---220220,"écouteurs et casques",,,http://localhost/wordpress/wp-content/uploads/2022/05/Bluetooth-Headset-TWS-Wireless-Mini-Noise-Reduction-with-Digital-Display-in-Ear-Tg04-E-Sports-Game.jpg_220x220xz.jpg,,,,,,,,,0
469,simple,,"Casque d'Écoute de Musique. de Jeu en Mains Libres pour iphone et Huawei. Écouteurs sans Fil avec Bluetooth",1,0,visible,,,,,taxable,,1,102,,0,0,,,,,1,,,013416008043906922309---------------220220,"écouteurs et casques",,,http://localhost/wordpress/wp-content/uploads/2022/05/Wireless-Earphones-Wireless-Bluetooth-Headphones-Fone-de-ouvido-Music-Headset-Gaming-Handsfree-for-iphone-Huawei-Ear.jpg_220x220xz.jpg,,,,,,,,,0
471,simple,,"JFWEM – écouteurs sans fil Bluetooth 5.0 Y30 TWS. oreillettes pour Smartphone. casque de jeu stéréo avec boîte de chargement",1,0,visible,,,,,taxable,,1,107,,0,0,,,,,1,,,01457295922842799677357-30--5-0-----------220220,"écouteurs et casques",,,http://localhost/wordpress/wp-content/uploads/2022/05/JFWEM-Y30-TWS-5-0-Bluetooth-Headphones-Wireless-for-Smartphone-Earbuds-Stereo-Gaming-Headset-With-Charging.jpg_220x220xz.jpg,,,,,,,,,0
473,simple,,"Écouteurs sans fil Bluetooth 5.0 TWS Air i11 Pro. oreillettes de sport. stéréo. mains libres. avec Microphone. boîte de charge",1,0,visible,,,,,taxable,,1,339,,0,0,,,,,1,,,0125456144886899880-11---5-0----------220220,"écouteurs et casques",,,http://localhost/wordpress/wp-content/uploads/2022/05/Air-i11-Pro-Bluetooth-5-0-TWS-Earphones-Charging-Box-Wireless-Headphone-Stereo-Sports-Handfree-Earbuds.jpg_220x220xz.jpg,,,,,,,,,0
475,simple,,"Casque d'écoute sans fil Bluetooth F9-5C M28m18. Tws5.1. Mini Touch. étanche. modèle privé transfrontalière M10",1,0,visible,,,,,taxable,,1,134,,0,0,,,,,1,,,01361437274850236782920978----10-----5-1-----9220220,"écouteurs et casques",,,http://localhost/wordpress/wp-content/uploads/2022/05/Cross-Border-Private-Model-M10-Bluetooth-Headset-True-Wireless-Tws5-1-Mini-Touch-Sports-Waterproof-F9.jpg_220x220xz.jpg,,,,,,,,,0
477,simple,,"i7s mini Tws casque sans fil Bluetooth écouteurs pour iPhone Huawei Xiaomi Redmi sport écouteurs stéréo intra-auriculaire musique casque",1,0,visible,,,,,taxable,,1,3152,,0,0,,,,,1,,,015839644358884794583317---------------220220,"écouteurs et casques",,,http://localhost/wordpress/wp-content/uploads/2022/05/i7s-mini-Tws-Wireless-Headphones-Bluetooth-Earphones-For-iPhone-Huawei-Xiaomi-Redmi-Sports-Earbuds-Stereo-In.jpg_220x220xz.jpg,,,,,,,,,0
479,simple,,"Écouteurs sans fil bluetooth 5.0 TWS. casque de jeu. oreillettes de sport",1,0,visible,,,,,taxable,,1,748,,0,0,,,,,1,,,01241430429684778281152993----5-0----------220220,"écouteurs et casques",,,http://localhost/wordpress/wp-content/uploads/2022/05/Wireless-bluetooth-headset-TWS-5-0-Chip-Bluetooth-headphones-Gaming-Headset-Wireless-earphones-for-Sports-Bluetooth.jpg_220x220xz.jpg,,,,,,,,,0
481,simple,,"M & J – écouteurs sans fil i7S Tws Bluetooth. oreillettes stéréo. boîte de chargement pour iPhone Samsung iphone. téléphone intelligent. boîte de détail",1,0,visible,,,,,taxable,,1,535,,0,0,,,,,1,,,01394094514609971447077---7------------220220,"écouteurs et casques",,,http://localhost/wordpress/wp-content/uploads/2022/05/M-J-Wireless-i7S-Tws-Bluetooth-Earphone-Stereo-Earbuds-Charging-box-for-iPhone-Samsung-iphone-Smart.jpg_220x220xz.jpg,,,,,,,,,0
483,simple,,"Nouveau Air Pro 4S TWS Renommé Bluetooth 5.0 Mini Écouteurs Sans Fil avec Étui De Charge Sport Mains Libres Écouteurs pour Smartphones",1,0,visible,,,,,taxable,,1,264,,0,0,,,,,1,,,01939456459982452511---4----5-0-------220220,"écouteurs et casques",,,http://localhost/wordpress/wp-content/uploads/2022/05/New-Air-Pro-4S-TWS-Renamed-Bluetooth-5-0-Mini-Wireless-Headphones-with-Charging-Case-Sports.jpg_220x220xz.jpg,,,,,,,,,0
485,simple,,"Écouteurs sans fil Bluetooth 2022. Mini oreillettes TWS. réduction du bruit. avec boîte de chargement. casque de sport et de jeu pour Redmi Xiaomi",1,0,visible,,,,,taxable,,1,112,,0,0,,,,,1,,,017921904340088277678252022---------------220220,"écouteurs et casques",,,http://localhost/wordpress/wp-content/uploads/2022/05/2022-Wireless-Bluetooth-Earphones-Mini-TWS-Earbud-Noise-Reduction-With-Charging-Box-Sports-Gaming-Headphone-For.jpg_220x220xz.jpg,,,,,,,,,0
487,simple,,"Écouteurs sans fil Bluetooth 5.1 TWS. casque stéréo 9D. commande tactile. oreillettes étanches pour sport. avec Microphone",1,0,visible,,,,,taxable,,1,2408,,0,0,,,,,1,,,0137224641143955409351---5-1----9-------220220,"écouteurs et casques",,,http://localhost/wordpress/wp-content/uploads/2022/05/TWS-Wireless-Bluetooth-5-1-Earphone-Touch-Control-9D-Stereo-Headset-Sports-Waterproof-Earbuds-Headsets-With.jpg_220x220xz.jpg,,,,,,,,,0
489,simple,,"Écouteurs sans fil F9 TWS Bluetooth 5.1. casque d'écoute stéréo. étanche. réduction de bruit. oreillettes avec micro. 3000MAH",1,0,visible,,,,,taxable,,1,9699,,0,0,,,,,1,,,0155608487669841639-------5-1-------220220,"écouteurs et casques",,,http://localhost/wordpress/wp-content/uploads/2022/05/F9-TWS-Wireless-Earphone-Bluetooth-Stereo-Headphone-5-1-Sport-Waterproof-Noise-Reduction-Wireless-Earbuds-With.jpg_220x220xz.jpg,,,,,,,,,0
491,simple,,"Écouteurs filaires pour téléphone portable. oreillettes avec basses profondes. avec micro. musique. stéréo. réduction du bruit. 3.5MM",1,0,visible,,,,,taxable,,1,1,,0,0,,,,,1,,,01656574789190778183-5--------------220220,"écouteurs et casques",,,http://localhost/wordpress/wp-content/uploads/2022/05/3-5MM-Wired-Mobile-Headphones-Deep-Bass-In-Ear-Headphone-with-Mic-Music-Earphone-Earbuds-Stereo.jpg_220x220xz.jpg,,,,,,,,,0
493,simple,,"Écouteurs intra-auriculaires Bluetooth A6s Tws. casque d'écoute stéréo. pour samsung Xiaomi Huawei Iphone",1,0,visible,,,,,taxable,,1,204,,0,0,,,,,1,,,017944447804279095512064866---------------220220,"écouteurs et casques",,,http://localhost/wordpress/wp-content/uploads/2022/05/A6s-earphones-Tws-Headset-Stereo-In-Ear-headphones-for-samsung-Xiaomi-Huawei-Iphone-Bluetooth-Telefoon-Oortjes.jpg_220x220xz.jpg,,,,,,,,,0
495,simple,,"Écouteurs intra-auriculaires filaires universels. oreillettes stéréo. casque d'écoute de musique et de sport. pour iPhone Samsung Xiaomi Huawei PC portable. 3.5mm",1,0,visible,,,,,taxable,,1,32,,0,0,,,,,1,,,010728347680429483234071433-5--------------220220,"écouteurs et casques",,,http://localhost/wordpress/wp-content/uploads/2022/05/3-5mm-Universal-Wired-Earphone-Stereo-In-Ear-Earbuds-Headsets-Music-Sports-Headphones-for-iPhone-Samsung.jpg_220x220xz.jpg,,,,,,,,,0
497,simple,,"Oreillettes de Sport avec fil. 3.5mm. casque 6D. basse profonde. stéréo. micro. mains libres. pour Iphone Samsung Huawei Xiaomi Vivo Oppo",1,0,visible,,,,,taxable,,1,39,,0,0,,,,,1,,,0123478614499216560443-5-----6---------220220,"écouteurs et casques",,,http://localhost/wordpress/wp-content/uploads/2022/05/3-5mm-Wired-Earphones-Sport-Headset-6D-In-Ear-Deep-Bass-Stereo-Earbuds-Mic-Hands-Free.jpg_220x220xz.jpg,,,,,,,,,0
499,simple,,"Écouteurs sans fil Bluetooth TWS. Mini oreillettes avec micro. qualité son 18D. durée de veille Ultra longue. ecouteurs sans fils. ecouteur blutooth. casque bluetooth. ecouteurs avec fil. écouteur sans fil",1,0,visible,,,,,taxable,,1,1140,,0,0,,,,,1,,,01231676373410233887717-------------18--220220,"écouteurs et casques",,,http://localhost/wordpress/wp-content/uploads/2022/05/TWS-Wireless-Headphone-Invisible-Bluetooth-Earphone-Mini-Single-in-ear-Earbuds-with-Mic-18D-Sound-Quality.jpg_220x220xz.jpg,,,,,,,,,0
501,simple,,"Écouteurs sans fil Bluetooth A6Lite TWS. oreillettes avec micro. appel HD. casque d'écoute pour sport. pour Smartphones iPhone Xiaomi",1,0,visible,,,,,taxable,,1,663,,0,0,,,,,1,,,0120611011582043288711852776---------------220220,"écouteurs et casques",,,http://localhost/wordpress/wp-content/uploads/2022/05/A6Lite-TWS-Bluetooth-Earphones-Wireless-Headphones-In-Ear-Earbuds-With-Mic-HD-Call-Sports-Headset-For-1.jpg_220x220xz-1.jpg,,,,,,,,,0
503,simple,,"M & J – écouteurs sans fil Bluetooth 5.0. i7s Mini 2 TWS. oreillettes macarons mates. mains libres. avec boîte de chargement. micro",1,0,visible,,,,,taxable,,1,5945,,0,0,,,,,1,,,0199544565420884198049078--7--2-----5-0-----220220,"écouteurs et casques",,,http://localhost/wordpress/wp-content/uploads/2022/05/M-J-i7s-Mini-2-TWS-Wireless-Headphones-Bluetooth-5-0-Earphone-Matte-Macaron-Earbuds-Handsfree.jpg_220x220xz.jpg,,,,,,,,,0
505,simple,,"Oreillettes hi-fi en Silicone souple. écouteurs de téléphone portable. intra-auriculaires. avec câble de Microphone",1,0,visible,,,,,taxable,,1,4,,0,0,,,,,1,,,015192876548539251226640---------------220220,"écouteurs et casques",,,http://localhost/wordpress/wp-content/uploads/2022/05/Sleep-Headset-HiFi-Soft-Silicone-Side-Sleep-Soundproof-In-Ear-Mobile-Phone-Headset-With-Microphone-Cable.jpg_220x220xz.jpg,,,,,,,,,0
